age,sex,body_weight,r_form,r_resorp,r_to,FBFR,TFBFR,CFBFR,f_form,f_resorp,net_accretion,k3,k4,Ki
0.1,F,4.269610095451814,11.203260263286369,9.99460959848869,1.0,1.120326026328637,3.64105958556807,0.4901426365187786,0.14541400149118894,0.129726181567093,0.01568781992409593,1.4788303547538009,0.01998921919697738,0.09025407528999767
0.6,F,7.24663505148066,8.006003702520292,7.176091418191705,1.0,0.8006003702520292,2.601951203319095,0.3502626619852628,0.1763704246410212,0.15808764743524062,0.018282777205780587,1.0567924887326787,0.01435218283638341,0.08519975947964185
1.1,F,9.509120073946074,5.810627840113822,5.240773853458554,1.0,0.5810627840113822,1.8884540480369922,0.2542149680049797,0.16797203182343504,0.15149884947292078,0.01647318235051426,0.7670028748950246,0.010481547706917109,0.07931909922418429
1.6,F,11.294453305931043,4.303186983125479,3.911900369985407,1.0,0.43031869831254793,1.3985357695157807,0.1882644305117397,0.14775051912070705,0.13431563924141385,0.013434879879293204,0.5680206817725633,0.007823800739970814,0.07289187013899731
2.1,F,12.748513576303738,3.268112335989007,2.9994378649976072,1.0,0.32681123359890074,1.0621365091964274,0.14297991469951907,0.12665726643209443,0.11624465800333254,0.01041260842876189,0.431390828350549,0.005998875729995214,0.06633019460755896
2.6,F,13.967066748526046,2.557385071337405,2.3729013872133535,1.0,0.2557385071337405,0.8311501481846566,0.11188559687101146,0.10858627069888287,0.10075311507115203,0.007833155627730834,0.33757482941653744,0.004745802774426707,0.060081336803988465
3.1,F,15.016975041420054,2.0693697293882107,1.9426947153587075,1.0,0.20693697293882107,0.6725451620511685,0.09053492566073422,0.09447004767618651,0.08868713008306665,0.005782917593119857,0.2731568042792438,0.0038853894307174152,0.054512379433583606
3.6,F,15.947968552748842,1.7342830703988554,1.647299660356878,1.0,0.17342830703988554,0.563641997879628,0.07587488432994992,0.08408120727958839,0.07986409286818902,0.004217114411399367,0.22892536529264892,0.003294599320713756,0.04983533504449194
4.1,F,16.799675539203488,1.5042293725627027,1.4444875708381524,1.0,0.1504229372562703,0.4888745460828784,0.06581003504961824,0.07682251880260287,0.07377144443189926,0.0030510743707036075,0.19855827717827676,0.002888975141676305,0.04609965131062302
4.6,F,17.606131935186873,1.3464116651358171,1.305317152614112,1.0,0.1346411665135817,0.4375837911691406,0.05890551034969199,0.07206350830298577,0.06986402145880702,0.002199486844178755,0.17772633979792787,0.0026106343052282243,0.04323583473819167
5.1,F,18.39887591888499,1.2386600576906222,1.2101281355754838,1.0,0.12386600576906222,0.4025645187494522,0.05419137752396472,0.06928145622967119,0.06768559213371109,0.0015958640959601034,0.16350312761516214,0.0024202562711509675,0.04111791916056888
5.6,F,19.20917711623941,1.1669387026794564,1.14614029409645,1.0,0.11669387026794564,0.37925507837082334,0.05105356824222622,0.06814443395963553,0.0669298922044466,0.0012145417551889248,0.15403590875368825,0.0022922805881929,0.03962714409352993
6.1,F,20.069629617820215,1.1251141947844538,1.1067019373377398,1.0,0.1125114194784454,0.3656621133049475,0.04922374602181985,0.06864510050791109,0.06752173785826525,0.0011233626496458399,0.1485150737115479,0.0022134038746754797,0.03872574187641219
6.6,F,21.015112224547977,1.1179033055449055,1.0926567758002186,1.0,0.11179033055449056,0.3633185743020943,0.04890826961758961,0.07141830480354679,0.06980540648971723,0.001612898313829561,0.14756323633192753,0.002185313551600437,0.03856785243320868
7.1,F,22.082927596306824,1.1679186543986178,1.1163258823454631,1.0,0.11679186543986178,0.3795735626795508,0.051096441129939524,0.07840483177372073,0.07494130064650331,0.003463531127217423,0.15416526238061756,0.0022326517646909265,0.03964797449925497
7.6,F,23.311765453078742,1.3256869285594244,1.207381489296436,1.0,0.13256869285594244,0.43084825178181296,0.057998803124474814,0.09394847233808055,0.08556443003623695,0.0083840423018436,0.17499067456984402,0.002414762978592872,0.042839286372232006
8.1,F,24.7390390607233,1.6761892512916319,1.4166749946553798,1.0,0.1676189251291632,0.5447615066697804,0.07333327974400888,0.12606062653703942,0.10654342120855344,0.019517205328485984,0.22125698117049541,0.00283334998931076,0.04893666847959599
8.6,F,26.39622796371721,2.3286145023155784,1.809933570426039,1.0,0.23286145023155785,0.756799713252563,0.10187688447630655,0.18685858329792931,0.14523727413741705,0.041621309160512265,0.30737711430565634,0.0036198671408520784,0.05762874600330034
9.1,F,28.302278027210477,3.375063435973626,2.442668303378362,1.0,0.33750634359736265,1.0968956166914285,0.14765902532384612,0.29038683052216946,0.21016455544942547,0.08022227507274399,0.44550837354851863,0.0048853366067567235,0.06712626227594731
9.6,F,30.455966735012495,4.818883872000415,3.316696996392097,1.0,0.48188838720004146,1.5661372584001347,0.21082616940001814,0.44616185139281983,0.3070801687123901,0.13908168268042975,0.6360926711040548,0.006633393992784195,0.07541256663447447
10.1,F,32.829293457936096,6.504232169577556,4.3374239534989485,1.0,0.6504232169577556,2.1138754551127055,0.284560157419018,0.6491292137053742,0.432879474015531,0.21624973968984323,0.8585586463842374,0.008674847906997896,0.08150688440006149
10.6,F,35.36481783845726,8.103599551751307,5.306259440387982,1.0,0.8103599551751307,2.6336698543191748,0.35453248038911966,0.8712102588298063,0.5704708914792621,0.3007393673505442,1.0696751408311727,0.010612518880775964,0.08540158766332014
11.1,F,37.9795421073287,9.205698638555564,5.973870011615846,1.0,0.9205698638555564,2.9918520575305583,0.4027493154368059,1.0628697859740146,0.6897299368556115,0.37313984911840314,1.2151522202893346,0.011947740023231693,0.08743572699185918
11.6,F,40.575874006414764,9.482925004061064,6.141660586712879,1.0,0.9482925004061065,3.081950626319846,0.41487796892767154,1.1697250293382684,0.7575778683161405,0.4121471610221279,1.2517461005360606,0.012283321173425758,0.08788569588602371
12.1,F,43.057097864885804,8.847720041962344,5.7565331101909365,1.0,0.8847720041962344,2.8755090136377617,0.38708775183585253,1.158109729092768,0.7534932128433577,0.4046165162494103,1.1678990455390295,0.011513066220381873,0.08682052156107468
12.6,F,45.34249632120863,7.496784729339285,4.937678162514612,1.0,0.7496784729339285,2.436455037035268,0.3279843319085937,1.033365719393317,0.6806154279141582,0.3527502914791588,0.9895755842727857,0.009875356325029224,0.08407908366855288
13.1,F,47.377444764681854,5.812890708187848,3.9170633595881355,1.0,0.5812890708187849,1.8891894801610507,0.25431396848321836,0.8372157216889187,0.5641645769942839,0.27305114469463476,0.767301573480796,0.007834126719176271,0.07932687210538819
13.6,F,49.13630967585628,4.190542893807967,2.933772154255812,1.0,0.4190542893807967,1.3619264404875893,0.18333625160409855,0.6259597525539259,0.43823040075334946,0.18772935180057643,0.5531516619826516,0.005867544308511624,0.0722849732278735
14.1,F,50.61904288155302,2.8926700242428263,2.1471481315720307,1.0,0.28926700242428266,0.9401177578789186,0.12655431356062363,0.44512953151796514,0.33040721336907686,0.11472231814888828,0.3818324432000531,0.004294296263144062,0.06325755970856695
14.6,F,51.844201764832114,2.004708705875441,1.60896613299071,1.0,0.20047087058754412,0.6515303294095184,0.08770600588205055,0.31595486878645046,0.25358331708791826,0.0623715516985322,0.26462154917555825,0.00321793226598142,0.053671503321778835
15.1,F,52.8412469581301,1.477274511178821,1.2892928241548458,1.0,0.1477274511178821,0.48011421613311683,0.06463075986407342,0.23730552290125909,0.2071086351884341,0.030196887712825,0.19500023547560438,0.0025785856483096915,0.045629170454431725
15.6,F,53.6440160515715,1.2028978466037483,1.1229927983904306,1.0,0.12028978466037483,0.3909418001462182,0.05262678078891399,0.19616594503050128,0.1831352048560726,0.013030740174428679,0.15878251575169477,0.0022459855967808615,0.040383043994357395
16.1,F,54.28613113990136,1.0771990800576732,1.0468040798213543,1.0,0.10771990800576732,0.3500897010187438,0.0471274597525232,0.17776999039232755,0.17275390840709606,0.005016081985231485,0.14219027856761288,0.0020936081596427086,0.037662507900277475
16.6,F,54.79829095875698,1.0262958519910819,1.0159483871629336,1.0,0.1026295851991082,0.33354615189710163,0.044900443524609826,0.170967346469805,0.16924359536925634,0.0017237511005486483,0.13547105246282282,0.0020318967743258674,0.0364955222783918
17.1,F,55.20702160026124,1.0080246109370667,1.0048713018918005,1.0,0.10080246109370668,0.3276079985545467,0.04410107672849667,0.16917611086757664,0.16864689307383074,0.0005292177937459008,0.1330592486436928,0.002009742603783601,0.036066863026892174
17.6,F,55.534390455351925,1.002198839082427,1.0013380551406663,1.0,0.10021988390824271,0.3257146227017888,0.043846199209856176,0.1691957649962519,0.16905044353723284,0.00014532145901907656,0.13229024675888038,0.002002676110281333,0.035929071435660355
18.1,F,55.798269473738294,1.000544955664911,1.000334001472625,1.0,0.10005449556649111,0.3251771105910961,0.04377384181033986,0.16971917825261196,0.16968339478085384,3.578347175811625e-05,0.13207193414776827,0.00200066800294525,0.03588985465014269
18.6,F,56.01285686609876,1.000125258064371,1.0000784719402256,1.0,0.1000125258064371,0.32504070887092057,0.04375548004031622,0.17030041370151427,0.17029244700311005,7.966698404221484e-06,0.13201653406449695,0.002000156943880451,0.03587989582134621
19.1,F,56.1892770921919,1.0000290226207533,1.0000193458753233,1.0,0.10000290226207534,0.32500943235174484,0.043751269739657955,0.1708203598709049,0.17081870693374074,1.652937164170476e-06,0.13200383098593946,0.0020000386917506468,0.03587761189200739
19.6,F,56.33616028499405,1.0000083352346192,1.0000062576838582,1.0,0.10000083352346192,0.3250027089512513,0.043750364666514586,0.171263354774727,0.17126299896937972,3.5580534729628965e-07,0.13200110025096973,0.0020000125153677166,0.0358771209045275
20.1,F,56.460154966462795,1.0000036248374196,1.0000030249816005,1.0,0.10000036248374196,0.3250011780721614,0.043750158586637104,0.17163949326104952,0.1716393903024739,1.0295857560960187e-07,0.13200047847853938,0.002000006049963201,0.03587700910858015
20.6,F,56.566358855888154,1.0000021506625645,1.00000187204864,1.0,0.10000021506625645,0.32500069896533346,0.043750094091487196,0.17196210075355722,0.17196205284262453,4.791093269340685e-08,0.13200028388745852,0.00200000374409728,0.03587697412063487
21.1,F,56.65866898618778,1.0000014281280283,1.0000012559692844,1.0,0.10000014281280284,0.3250004641416092,0.04375006248060123,0.17224259970214387,0.17224257004911658,2.9653027283638167e-08,0.13200018851289974,0.0020000025119385687,0.03587695697204662
21.6,F,56.74005989698507,1.0000009743865408,1.0000008586285947,1.0,0.10000009743865408,0.3250003166756258,0.04375004262941116,0.17248995015855673,0.1724899301914938,1.9967062919734602e-08,0.13200012861902338,0.0020000017172571894,0.035876946202971015
22.1,F,56.81280123366673,1.0000006683457603,1.0000005891414747,1.0,0.10000006683457603,0.3250002172123721,0.04375002924012701,0.17271103118095515,0.1727110175015105,1.3679444660352758e-08,0.13200008822164036,0.0020000011782829496,0.03587693893941404
22.6,F,56.87862606444697,1.0000004588463365,1.0000004044889654,1.0,0.10000004588463365,0.32500014912505937,0.04375002007452722,0.17291110257550835,0.1729110931765197,9.398988642939088e-09,0.13200006056771643,0.0020000008089779307,0.03587693396716405
23.1,F,56.93886004170149,1.0000003150651608,1.0000002777417198,1.0,0.1000000315065161,0.32500010239617727,0.04375001378410078,0.17309418906270388,0.17309418260223514,6.460468743307857e-09,0.13200004158860124,0.0020000005554834397,0.03587693055466762
23.6,F,56.9945199494375,1.000000216353624,1.0000001907218903,1.0,0.1000000216353624,0.3250000703149278,0.04375000946547104,0.17326337813244166,0.17326337369140188,4.441039785918477e-09,0.13200002855867837,0.0020000003814437807,0.03587692821185193
24.1,F,57.046388584848174,1.0000001485927,1.000000130984388,1.0,0.10000001485927,0.32500004829262746,0.04375000650093062,0.17342104706703626,0.17342104401338482,3.0536514428192163e-09,0.1320000196142364,0.002000000261968776,0.035876926603616764
24.6,F,57.09507149243746,1.0000001021023663,1.0000000899942445,1.0,0.10000001021023663,0.3250000331832691,0.04375000446697853,0.1735690350588173,0.17356903295722248,2.101594814840624e-09,0.13200001347751236,0.002000000179988489,0.035876925500216934
25.1,F,57.141039863249034,1.0000000702551977,1.000000061905534,1.0,0.10000000702551977,0.3250000228329393,0.043750003073664896,0.1737087733882204,0.1737087719378107,1.4504097090028978e-09,0.1320000092736861,0.002000000123811068,0.0358769247443574
25.6,F,57.184662931223684,1.0000000485371665,1.0000000427319513,1.0,0.10000000485371666,0.32500001577457915,0.04375000212350103,0.1738413837486878,0.17384138273950117,1.0091866231576319e-09,0.13200000640690598,0.0020000000854639025,0.03587692422890244
26.1,F,57.22623242036928,1.0000000339188577,1.0000000297894418,1.0,0.10000000339188578,0.3250000110236288,0.04375000148395002,0.17396775245870985,0.17396775174032467,7.183851846725986e-10,0.1320000044772892,0.0020000000595788835,0.03587692388195203
26.6,F,57.265980988516716,1.0000000244525664,1.0000000213353355,1.0,0.10000000244525664,0.3250000079470841,0.04375000106979978,0.17408858646200345,0.17408858591932913,5.426743221459418e-10,0.13200000322773878,0.002000000042670671,0.035876923657279416
27.1,F,57.30409614398467,1.0000000190476477,1.0000000163599605,1.0,0.10000000190476477,0.3250000061904855,0.043750000833334586,0.17420445559589845,0.1742044551276914,4.682070564587804e-10,0.1320000025142895,0.002000000032719921,0.035876923528999266
27.6,F,57.34073075185281,1.000000017408706,1.0000000145135843,1.0,0.1000000017408706,0.3250000056578295,0.04375000076163089,0.17431582452024544,0.17431582401557993,5.046655038309922e-10,0.1320000022979492,0.0020000000290271687,0.03587692349010069
28.1,F,57.376010972645396,1.0000000201550416,1.000000016178891,1.0,0.10000000201550417,0.3250000065503885,0.04375000088178307,0.17442307687234632,0.1744230761788139,6.935324259327302e-10,0.1320000026604655,0.002000000032357782,0.03587692355528211
28.6,F,57.41004226849621,1.0000000291819373,1.000000022732319,1.0,0.10000000291819373,0.32500000948412966,0.043750001276709756,0.17452653358925072,0.17452653246362118,1.1256295340267286e-09,0.13200000385201574,0.0020000000454646377,0.03587692376952614
29.1,F,57.44291395479805,1.0000000483831801,1.0000000370829327,1.0,0.10000000483831802,0.3250000157245336,0.04375000211676413,0.1746264668715695,0.1746264648982473,1.97332220008839e-09,0.13200000638657977,0.0020000000741658653,0.035876924225247735
29.6,F,57.47470265684539,1.0000000849408457,1.0000000646437015,1.0,0.10000000849408458,0.32500002760577484,0.04375000371616199,0.17472311091793755,0.17472310737155766,3.54637988420059e-09,0.13200001121219163,0.002000000129287403,0.035876925092906034
30.1,F,57.50547494173026,1.0000001515179795,1.0000001149886169,1.0,0.10000001515179796,0.32500004924334336,0.0437500066289116,0.17481667031072465,0.1748166639247841,6.385940554132219e-09,0.1320000200003733,0.002000000229977234,0.03587692667304524
30.6,F,57.53528932860735,1.0000002698828068,1.0000002045955585,1.0,0.10000002698828069,0.3250000877119122,0.04375001180737279,0.17490732676343387,0.17490731534421888,1.1419214990260329e-08,0.1320000356245305,0.0020000004091911172,0.03587692948231144
31.1,F,57.56419782997388,1.0000004767764261,1.000000361289628,1.0,0.10000004767764262,0.3250001549523385,0.04375002085896864,0.17499524483668824,0.17499522462705738,2.0209630857692673e-08,0.13200006293448827,0.002000000722579256,0.03587693439271602
31.6,F,57.59224713869307,1.0000008332437849,1.0000006313107737,1.0,0.10000008332437849,0.3250002708042301,0.04375003645441559,0.17508057718630818,0.17508054183178948,3.5354518701513626e-08,0.1320001099881796,0.0020000012626215473,0.03587694285309591
32.1,F,57.61947954701447,1.0000014392216792,1.000001090364417,1.0,0.10000014392216793,0.3250004677470457,0.04375006296594846,0.1751634699216245,0.17516340881466388,6.110696060268594e-08,0.13200018997726165,0.002000002180728834,0.03587695723534267
32.6,F,57.64593366246438,1.0000024559649385,1.0000018606103722,1.0,0.10000024559649386,0.32500079818860506,0.04375010744846606,0.1752440687261232,0.17524396439402287,1.0433210032023688e-07,0.1320003241873719,0.0020000037212207443,0.03587698136665928
33.1,F,57.671644969426936,1.0000041399423143,1.000003136341134,1.0,0.10000041399423143,0.32500134548125215,0.04375018112247625,0.17532252652919927,0.17532235057603313,1.7595316614826828e-07,0.1320005464723855,0.0020000062726822677,0.035877021334029306
33.6,F,57.69664627318434,1.0000068931910797,1.0000052221290103,1.0,0.10000068931910798,0.3250022402871009,0.04375030157710973,0.17539901372106298,0.17539872062044454,2.931006184425655e-07,0.13200090990122254,0.0020000104442580205,0.03587708667929374
34.1,F,57.720968054133095,1.0000113368112749,1.000008588503385,1.0,0.1000011336811275,0.32500368446366434,0.04375049598549327,0.17547373217459777,0.17547324992422234,4.822503754386975e-07,0.1320014964590883,0.0020000171770067697,0.03587719214336695
34.6,F,57.74463875309473,1.0000184163000632,1.000013951749335,1.0,0.10000184163000632,0.32500598529752056,0.04375080571312776,0.1755469346748947,0.175546150951133,7.837237617214221e-07,0.13200243095160835,0.00200002790349867,0.03587736016601047
35.1,F,57.76768500353059,1.0000295497100598,1.000022386148697,1.0,0.10000295497100598,0.3250096036557694,0.043751292799815114,0.17561895174649472,0.17561769372653158,1.2580199631462285e-06,0.1320039005617279,0.002000044772297394,0.03587762440167827
35.6,F,57.7901318226292,1.0000468320140536,1.0000354788017611,1.0,0.10000468320140538,0.32501522040456743,0.04375204890061484,0.17569022828272043,0.17568823372767006,1.994555050371938e-06,0.13200618182585508,0.002000070957603522,0.035878034568663876
36.1,F,57.81200277034551,1.0000733113078675,1.0000555388718184,1.0,0.10000733113078675,0.32502382617505693,0.0437532073697192,0.1757613727733923,0.17575824929462108,3.123478771210886e-06,0.1320096770926385,0.0020001110777436368,0.03587866300172838
36.6,F,57.833320083296286,1.0001133541738036,1.0000858743756194,1.0,0.10001133541738037,0.3250368401064862,0.043754959245103905,0.17583322222379846,0.17582839090998725,4.831313811209936e-06,0.1320149627509421,0.0020001717487512388,0.03587961331764587
37.1,F,57.85410478877652,1.0001731180841351,1.000131150064786,1.0,0.10001731180841351,0.32505626337734395,0.04375757391618091,0.175906925956893,0.1758995447694378,7.381187455191007e-06,0.13202285158710583,0.0020002623001295723,0.035881031614650845
37.6,F,57.87437680292564,1.000261147403802,1.0001978389429933,1.0,0.1000261147403802,0.3250848729062356,0.04376142519891633,0.17598405126037012,0.17597291288971453,1.113837065558343e-05,0.13203447145730185,0.002000395677885987,0.035883120592345226
38.1,F,57.89415501613842,1.0003891054682772,1.000294776870401,1.0,0.10003891054682773,0.3251264592771901,0.04376702336423712,0.17606671312324693,0.1760501114568645,1.660166638242644e-05,0.1320513619218126,0.002000589553740802,0.035886156876226934
38.6,F,57.91345736810883,1.0005726474066616,1.0004338237932646,1.0,0.10005726474066617,0.32518611040716505,0.04377505332404144,0.17615772893221573,0.17613328807575063,2.444085646510774e-05,0.13207558945767933,0.0020008676475865295,0.03589051163641943
39.1,F,57.93230091435957,1.0008324259364942,1.0006306257096984,1.0,0.10008324259364942,0.32527053842936066,0.04378641863472162,0.17626079680317247,0.17622525691872398,3.553988444848777e-05,0.13210988022361725,0.002001261251419397,0.035896674279760135
39.6,F,57.9507018857037,1.001195204580291,1.0009054580155319,1.0,0.1001195204580291,0.3253884414885946,0.04380229020038773,0.17638069308328685,0.1763296483922247,5.104469106215204e-05,0.13215776700459841,0.0020018109160310636,0.035905278549337005
40.1,F,57.96867574177428,1.001695029395432,1.0012841131784675,1.0,0.10016950293954321,0.32555088455351544,0.04382415753605015,0.17652348042755941,0.17645106680998712,7.241361757229225e-05,0.13222374388019703,0.002002568226356935,0.0359171297777407
40.6,F,57.986237219522174,1.0023743818261734,1.0017987741108132,1.0,0.10023743818261735,0.3257716740935064,0.043853879204895085,0.17669671280952695,0.176595245739921,0.00010146706960595386,0.1323134184010549,0.0020035975482216263,0.03593323131950493
41.1,F,58.003400377399835,1.0032852031041948,1.0024887902305024,1.0,0.10032852031041949,0.3260676910088633,0.04389372763580852,0.1769096181182555,0.1767691863677289,0.0001404317505266095,0.13243364680975372,0.002004977580461005,0.035954807370057844
41.6,F,58.02017863581017,1.0044896473467153,1.0034012479899714,1.0,0.10044896473467153,0.3264591353876825,0.04394642207141879,0.1771732330817103,0.17698125974138992,0.00019197334032036717,0.13259263344976643,0.002006802495979943,0.03598331853199892
42.1,F,58.03658481429069,1.0060603900136837,1.0045912045558454,1.0,0.10060603900136839,0.32696962675444724,0.04401514206309866,0.1775004598261157,0.17724124964656315,0.0002592101795525492,0.13279997148180625,0.0020091824091116907,0.036020465722390184
42.6,F,58.052631165819975,1.008080295774968,1.006121436193174,1.0,0.1008080295774968,0.3276260961268646,0.04410351294015485,0.177906009332311,0.1775603097957761,0.00034569953653487695,0.13306659904229579,0.002012242872386348,0.0360681774741847
43.1,F,58.06832940856688,1.0106412410765393,1.008061546270117,1.0,0.10106412410765393,0.3284584033498753,0.04421555429709859,0.17840619544217465,0.17795080779608421,0.0004553876460904327,0.13340464382210318,0.002016123092540234,0.03612857555049882
43.6,F,58.08369075535202,1.0138418980427277,1.0104862863960136,1.0,0.10138418980427277,0.32949861686388654,0.04435558303936934,0.17901854501342812,0.1784260298335124,0.0005925151799157091,0.13382713054164005,0.002020972572792027,0.036203914256280195
44.1,F,58.098725941049295,1.017784323491921,1.0134729723423699,1.0,0.10177843234919211,0.3307799051348744,0.044528064152771545,0.1797611963320663,0.17899972494509114,0.0007614713869751599,0.13434753070093358,0.0020269459446847398,0.036296490075667175
44.6,F,58.11344524812246,1.022569263793463,1.0170979271162635,1.0,0.1022569263793463,0.33233501073287547,0.044737405290964,0.1806520696885779,0.17968547668632748,0.0009665930022504099,0.1349791428207371,0.002034195854232527,0.03640852040212432
45.1,F,58.12785853046547,1.0282901842278944,1.0214319577484074,1.0,0.10282901842278945,0.3341943098740657,0.04498769555997038,0.18170781132547859,0.18049590310902727,0.0012119082164513129,0.13573430431808206,0.002042863915496815,0.03654199316626815
45.6,F,58.14197523569331,1.0350261576690445,1.026534967931096,1.0,0.10350261576690445,0.3363835012424395,0.045282394398020696,0.1829425342915647,0.18144170287942996,0.001500831412134751,0.1366234528123139,0.0020530699358621922,0.03669849294282332
46.1,F,58.15580442601229,1.0428338943063316,1.0324499199290402,1.0,0.10428338943063316,0.3389210156495578,0.045623982875902004,0.18436640577853122,0.18253058509405773,0.0018358206844734937,0.13765407404843577,0.0020648998398580805,0.03687901327498507
46.6,F,58.16935479778407,1.0517393493403837,1.0391964767730186,1.0,0.10517393493403837,0.3418152885356247,0.04601359653364179,0.18598415807437688,0.18376614122853135,0.002218016845845522,0.13882959411293067,0.0020783929535460374,0.03708376893831854
47.1,F,58.18263469988514,1.0617294922473284,1.0467647668540372,1.0,0.10617294922473285,0.3450620849803817,0.04645066528582061,0.18779362636046337,0.18514673742159982,0.0026468889388635564,0.14014829297664735,0.0020935295337080745,0.037312024985614985
47.6,F,58.19565215095298,1.0727449393808435,1.0551098025612455,1.0,0.10727449393808436,0.34864210529877415,0.0469325910979119,0.18978443767026423,0.1866645212747814,0.0031199163954828413,0.14160233199827135,0.002110219605122491,0.0375619609544263
48.1,F,58.20841485560108,1.0846742205706121,1.0641471367959185,1.0,0.10846742205706122,0.35251912168544897,0.047454497149964275,0.19193698772301584,0.1883046467382914,0.0036323409847244525,0.1431769971153208,0.0021282942735918373,0.03783058800318342
48.6,F,58.2209302196771,1.0973504511919958,1.0737503418121184,1.0,0.10973504511919958,0.3566388966373987,0.048009082239649815,0.19422184269795634,0.19004482092095326,0.004177021777003076,0.14485025955734346,0.0021475006836242367,0.03811373369834663
49.1,F,58.233205364632184,1.1105511003175579,1.0837508335739074,1.0,0.11105511003175579,0.36092910760320635,0.048586610638893156,0.1965996888898402,0.19185526596102606,0.004744422928814135,0.14659274524191765,0.002167501667147815,0.03840610386217418
49.6,F,58.245247141062464,1.12400137759619,1.0939404375728714,1.0,0.11240013775961899,0.36530044771876174,0.04917506026983331,0.19902192359595366,0.19369916667786308,0.005322756918090588,0.14836818184269707,0.002187880875145743,0.03870142392549261
50.1,F,58.257062141479906,1.137381511491478,1.1040769026450592,1.0,0.11373815114914781,0.3696489912347304,0.04976044112775216,0.20143193639632934,0.19553364124815228,0.005898295148177052,0.15013435951687512,0.0022081538052901185,0.038992654594499424
50.6,F,58.26865671236371,1.1503378760164877,1.113892330315521,1.0,0.11503378760164878,0.37385980970535854,0.05032728207572133,0.20376707411453637,0.1973112298214574,0.006455844293078966,0.15184459963417637,0.002227784660631042,0.03927226947869855
51.1,F,58.28003696554006,1.1624975696341457,1.1231042194198073,1.0,0.11624975696341458,0.3778117101310974,0.050859268671493874,0.20596122004511064,0.19898184848877878,0.006979371556331854,0.15344967919170724,0.002246208438839615,0.0395325766841643
51.6,F,58.2912087889343,1.1734856946366823,1.1314285565429412,1.0,0.11734856946366823,0.38138285075692174,0.05133999914035485,0.20794785489615913,0.20049510818638971,0.00745274670976942,0.15490011169204207,0.0022628571130858823,0.03976606296392269
52.1,F,58.302177856735575,1.182944268744447,1.1385941429882174,1.0,0.11829442687444469,0.3844568873419453,0.05175381175756955,0.20966341053887205,0.20180285542265486,0.007860555116217194,0.156148643474267,0.0022771882859764347,0.039965738072737976
52.6,F,58.312949639011734,1.1905514629531975,1.1443571689039376,1.0,0.11905514629531976,0.3869292254597892,0.052086626504202385,0.21105068520559833,0.20286175955638558,0.008188925649212753,0.15715279310982208,0.0022887143378078753,0.040125458255641504
53.1,F,58.323529410808945,1.1960397346613512,1.1485149505010235,1.0,0.11960397346613512,0.38871291376493916,0.05232673839143411,0.21206206626869303,0.2036357543026727,0.008426311966020339,0.15787724497529837,0.002297029901002047,0.04024021071019556
53.6,F,58.333922260768226,1.1992114352276382,1.1509177539603321,1.0,0.11992114352276383,0.3897437164489824,0.052465500291209166,0.21266230817585174,0.20409814223570238,0.00856416594014936,0.15829590945004823,0.002301835507920664,0.040306344647660974
54.1,F,58.34413309928867,1.1999506233800805,1.1514777449849094,1.0,0.11999506233800805,0.3899839525985262,0.05249783977287852,0.21283063980450798,0.20423319127537573,0.008597448529132246,0.15839348228617064,0.002302955489969819,0.040321738539594115
54.6,F,58.354166666265044,1.198230100097657,1.1501743182558009,1.0,0.1198230100097657,0.3894247825317385,0.05242256687927249,0.21256202565552773,0.2040370901427806,0.008524935512747134,0.15816637321289073,0.002300348636511602,0.04028589679442919
55.1,F,58.36402753842552,1.194113069806987,1.1470553559143841,1.0,0.11941130698069871,0.3880867476872708,0.05224244680405568,0.21186747419423485,0.20351818195728422,0.008349292236950634,0.15762292521452229,0.0022941107118287685,0.040199972280440435
55.6,F,58.37372013629346,1.1877492864313053,1.1422343079025041,1.0,0.11877492864313054,0.38601851809017423,0.0519640312813696,0.21077336709219877,0.20269645609150383,0.008076911000694936,0.1567829058089323,0.002284468615805008,0.04006671389539443
56.1,F,58.3832487307957,1.1793660119493736,1.1358833423858892,1.0,0.11793660119493737,0.3832939538835464,0.05159726302278509,0.20931986642967204,0.20160234151135614,0.007717524918315899,0.15567631357731732,0.0022717666847717785,0.03989034106520441
56.6,F,58.39261744953802,1.169254548571724,1.1282231428573668,1.0,0.11692545485717241,0.3800077282858103,0.051154886500012924,0.20755853400987812,0.20027490323090055,0.007283630778977562,0.15434160041146758,0.0022564462857147336,0.03967634996636292
57.1,F,58.40183028276722,1.1577534570517423,1.1195101947361685,1.0,0.11577534570517423,0.37626987354181624,0.050651713746013724,0.20554935956038958,0.19875959095414059,0.006789768606248997,0.15282345633083,0.002239020389472337,0.039431259635825014
57.6,F,58.41089108903799,1.1452298074147382,1.1100225813748017,1.0,0.11452298074147382,0.3721996874097899,0.0501038040743948,0.20335743640057957,0.19710572064545132,0.0062517157551282565,0.15117033457874546,0.0022200451627496036,0.03916230995055963
58.1,F,58.41980360060154,1.1320599040434627,1.100045381851108,1.0,0.11320599040434627,0.3679194688141254,0.04952762080190149,0.20104954046533816,0.19536388288485101,0.005685657580487141,0.14943190733373707,0.002200090763702216,0.0388771274224269
58.6,F,58.42857142853165,1.1186108813591216,1.0898567283023648,1.0,0.11186108813591217,0.36354853644171453,0.04893922605946156,0.1986908607779615,0.1935834659573008,0.005107394820660693,0.14765663633940404,0.0021797134566047295,0.038583378280742514
59.1,F,58.43719806760305,1.1052243928186913,1.0797154491050693,1.0,0.11052243928186914,0.3591979276660747,0.04835356718581774,0.19634209892696824,0.1918104584902519,0.004531640436716333,0.14588961985206728,0.0021594308982101386,0.038288430660791045
59.6,F,58.44568690093614,1.092203342156707,1.069851016785384,1.0,0.1092203342156707,0.3549660862009298,0.04778389621935593,0.19405710668625467,0.19008565977536768,0.003971446910886994,0.14417084116468534,0.0021397020335707684,0.037999048163710004
60.1,F,58.45404120442068,1.0798022687457318,1.060456264201312,1.0,0.10798022687457319,0.35093573734236283,0.04724134925762576,0.19188117118206544,0.18844338065585295,0.0034377905262124864,0.14253389947443662,0.002120912528402624,0.03772113512517949
60.6,F,58.46226415093087,1.0682216396193183,1.0516830603176655,1.0,0.10682216396193184,0.34717203287627846,0.04673469673334517,0.1898499932281818,0.1869106695410662,0.002939323687115608,0.14100525642975,0.002103366120635331,0.03745954956907951
61.1,F,58.4703588143432,1.057605958499489,1.0436408776511281,1.0,0.1057605958499489,0.34372193651233396,0.046270260684352645,0.18798934362806358,0.18550705203231566,0.002482291595747921,0.13960398652193257,0.0020872817553022564,0.0372179934632234
61.6,F,58.478328173367586,1.0480453101464966,1.0363979622321944,1.0,0.10480453101464966,0.34061472579761143,0.045851982318909225,0.18631533026540917,0.18424473326701604,0.002070596998393126,0.13834198093933756,0.002072795924464389,0.03699898240609094
62.1,F,58.486175115202116,1.0395797398167228,1.0299846513763053,1.0,0.10395797398167228,0.3378634154404349,0.04548161361698162,0.1848351698357768,0.18312918256654961,0.0017059872692271882,0.13722452565580742,0.0020599693027526108,0.03680388937245056
62.6,F,58.493902439020445,1.0322057345091962,1.024398283719088,1.0,0.10322057345091962,0.3354668637154888,0.04515900088477733,0.18354833425539024,0.18216000193035553,0.0013883323250347135,0.1362511569552139,0.0020487965674381757,0.03663305074052915
63.1,F,58.50151285930114,1.0258840256595552,1.0196091103481477,1.0,0.10258840256595553,0.3334123083393554,0.04488242612260553,0.1824479332585932,0.181331973460698,0.0011159597978952218,0.13541669138706128,0.0020392182206962956,0.036485918369198546
63.6,F,58.5090090090068,1.020547962980499,1.01556663862159,1.0,0.10205479629804991,0.33167808796866216,0.04464897338039683,0.18152219987885468,0.1806361847294064,0.0008860151494482771,0.13471233111342587,0.00203113327724318,0.03636123942820333
64.1,F,58.51639344262129,1.016111800187837,1.0122059092332099,1.0,0.10161118001878372,0.33023633506104705,0.04445489125821787,0.18075596155970428,0.18006114325809564,0.0006948183016086407,0.1341267576247945,0.00202441181846642,0.03625724598430014
64.6,F,58.52366863905202,1.0124783654261402,1.0094533071410154,1.0,0.10124783654261403,0.32905546876349556,0.04429592848739363,0.1801320030217217,0.17959380899529662,0.0005381940264250762,0.13364714423625051,0.002018906614282031,0.036171838598922444
65.1,F,58.530837004404354,1.009545741552633,1.0072316223883582,1.0,0.10095457415526331,0.32810236600460574,0.04416762619292769,0.17963225403181537,0.17922049414371205,0.00041175988810332464,0.13326003788494756,0.0020144632447767164,0.03610275174577924
65.6,F,58.53790087463487,1.0072127351234805,1.005464193275364,1.0,0.10072127351234805,0.3273441389151312,0.04406555716165227,0.17923876251491763,0.17892760036800187,0.00031116214691576105,0.13295208103629944,0.002010928386550728,0.036047692987057484
66.1,F,58.544862518089204,1.0053830527459833,1.0040780702621084,1.0,0.10053830527459834,0.3267494921424446,0.04398550855763676,0.1789344383071325,0.17870218224600729,0.00023225606112520225,0.1327105629624698,0.002008156140524217,0.036004451907723445
66.6,F,58.55172413793064,1.0039682189488741,1.0030062264764197,1.0,0.10039682189488741,0.3262896711583841,0.04392360957901324,0.17870357340539786,0.1785323413990733,0.00017123200632454538,0.1325238049012514,0.0020060124529528395,0.0359709783199637
67.1,F,58.55848787446476,1.002889355352809,1.0021889055703102,1.0,0.10028893553528091,0.325939040489663,0.0438764092966854,0.17853215983076604,0.17840746729927684,0.00012469253148919557,0.1323813949065708,0.0020043778111406203,0.0359454319370288
67.6,F,58.565155807365215,1.0020779956229555,1.0015742391082996,1.0,0.10020779956229556,0.32567534857746055,0.0438409123085043,0.17840803599216354,0.1783183481527033,8.968783946022851e-05,0.13227429542223013,0.0020031484782165993,0.03592620748847235
68.1,F,58.57172995780574,1.001476136907535,1.0011182855360112,1.0,0.10014761369075349,0.3254797444949489,0.04381458098970465,0.17832089714440927,0.17825717882375963,6.371832064963612e-05,0.1321948500717946,0.0020022365710720227,0.03591194016279801
68.6,F,58.57821229050268,1.0010357310335503,1.0007846447223865,1.0,0.10010357310335503,0.32533661258590385,0.04379531323271782,0.17826220603110002,0.1782174931418947,4.471288920532279e-05,0.13213671649642864,0.002001569289444773,0.035901496466174444
69.1,F,58.58460471567258,1.0007178036777344,1.0005437906649504,1.0,0.10007178036777345,0.3252332861952637,0.04378140391090088,0.1782250371596042,0.1781940459295534,3.099123005079196e-05,0.13209475008546095,0.002001087581329901,0.03589395526597405
69.6,F,58.59090909090902,1.0004913632920978,1.000372244918256,1.0,0.10004913632920978,0.3251596930699318,0.043771497144029274,0.1782038834791763,0.1781826665475853,2.1216931590989363e-05,0.1320648599545569,0.002000744489836512,0.0358885831366966
70.1,F,58.59712722298217,1.0003322294125527,1.0002516889489037,1.0,0.10003322294125527,0.32510797455907964,0.04376453503679918,0.17819444853289568,0.17818010143591878,1.4347096976896623e-05,0.13204385428245696,0.0020005033778978075,0.035884807311447914
70.6,F,58.603260869565176,1.0002218767457232,1.0001680884437296,1.0,0.10002218767457233,0.32507210994236,0.04375970710762538,0.17819344125394207,0.17818385865746597,9.582596476098715e-06,0.13202928773043546,0.0020003361768874592,0.03588218869629792
71.1,F,58.60931174089066,1.0001463604837761,1.0001108791543758,1.0,0.10001463604837763,0.32504756715722727,0.0437564032711652,0.17819838507745697,0.17819206328711773,6.321790339242073e-06,0.13201931958385846,0.0020002217583087517,0.03588039661937854
71.6,F,58.61528150134046,1.0000953617527792,1.0000722437521052,1.0,0.10000953617527793,0.3250309925696533,0.04375417207668409,0.1782074483182652,0.17820332891118876,4.119407076452752e-06,0.13201258775136687,0.0020001444875042103,0.03587918631632895
72.1,F,58.621171770972026,1.0000613709651527,1.0000464931554187,1.0,0.10000613709651528,0.32501994556367464,0.043752684979725426,0.17821929900294048,0.1782166476528349,2.6513501055758226e-06,0.13200810096740015,0.0020000929863108374,0.03587837962297621
72.6,F,58.62698412698411,1.0000390112639361,1.0000295539878306,1.0,0.10000390112639362,0.32501267866077926,0.0437517067427972,0.17823298456879644,0.17823129903600501,1.6855327914233609e-06,0.13200514948683958,0.002000059107975661,0.03587784895665118
73.1,F,58.63272010512483,1.0000244937583664,1.0000185558775503,1.0,0.10000244937583665,0.3250079604714691,0.04375107160192853,0.17824783497204252,0.17824677658356664,1.058388475888572e-06,0.13200323317610438,0.0020000371117551005,0.03587750440609521
73.6,F,58.63838120104438,1.0000151900490661,1.0000115076129288,1.0,0.10000151900490661,0.3250049367659465,0.043750664564646644,0.17826338663963323,0.1782627302060676,6.564335656433773e-07,0.13200200508647675,0.0020000230152258575,0.03587728359515481
74.1,F,58.64396887159532,1.0000093046761906,1.000007048997114,1.0,0.10000093046761907,0.325003024019762,0.04375040707958334,0.17827932418559805,0.17827892204839849,4.021371995677203e-07,0.13200122821725718,0.0020000140979942282,0.03587714391308197
74.6,F,58.64948453608247,1.0000056296538333,1.0000042648892675,1.0,0.10000056296538334,0.32500182963749585,0.0437502462973552,0.17829543672562886,0.17829519339570443,2.4332992443198975e-07,0.132000743114306,0.002000008529778535,0.035877056690672704
75.1,F,58.654929577464785,1.000003364344482,1.0000025487458197,1.0,0.1000003364344482,0.32500109341195665,0.04375014719007108,0.1783115858150745,0.1783114403848729,1.454302016035136e-07,0.13200044409347161,0.0020000050974916393,0.03587700292606464
75.6,F,58.66030534351145,1.000001985900861,1.0000015044703494,1.0,0.10000019859008612,0.32500064541777984,0.04375008688316267,0.17832768238466953,0.17832759653245267,8.585221686341349e-08,0.13200026213891367,0.002000003008940699,0.03587697021019192
76.1,F,58.66561314791403,1.000001157851894,1.0000008771605255,1.0,0.1000001157851894,0.3250003763018655,0.043750050656020355,0.1783436704649762,0.17834362040550525,5.0059470957375396e-08,0.13200015283645,0.0020000017543210513,0.03587695055732805
76.6,F,58.67085427135679,1.0000006667864967,1.0000005051412852,1.0,0.10000006667864968,0.3250002167056114,0.043750029171909226,0.1783595159125621,0.17835948708161967,2.883094243899542e-08,0.13200008801581756,0.0020000010102825703,0.03587693890240654
77.1,F,58.67602996254682,1.0000003792791088,1.000000287332658,1.0,0.10000003792791089,0.3250001232657104,0.043750016593461005,0.1783751987401031,0.1783751823391429,1.6400960201057302e-08,0.13200005006484236,0.0020000005746653162,0.03587693207871882
77.6,F,58.68114143920596,1.0000002130931,1.0000001614341667,1.0,0.10000002130931002,0.32500006925525754,0.04375000932282312,0.17839070798900702,0.17839069877353528,9.21547174681514e-09,0.1320000281282892,0.0020000003228683332,0.03587692813446678
78.1,F,58.6861898890259,1.0000001182546405,1.0000000895868488,1.0,0.10000001182546406,0.3250000384327582,0.04375000517364052,0.17840603835997818,0.17840603324547163,5.114506540504493e-09,0.13200001560961255,0.0020000001791736976,0.035876925883574405
78.6,F,58.69117647058823,1.0000000648194494,1.0000000491056433,1.0,0.10000000648194494,0.32500002106632103,0.043750002835850905,0.17842118803575063,0.17842118523207487,2.8036757637739385e-09,0.1320000085561673,0.002000000098211287,0.03587692461534554
79.1,F,58.69610231425091,1.0000000350938343,1.0000000265862383,1.0,0.10000000350938343,0.32500001140549617,0.04375000153535525,0.17843615729733148,0.1784361557792688,1.5180626755650906e-09,0.13200000463238612,0.002000000053172477,0.03587692390983888
79.6,F,58.700968523002416,1.000000018766991,1.0000000142174172,1.0,0.10000000187669911,0.3250000060992721,0.04375000082105586,0.17845094765891464,0.17845094684703888,8.118757610642291e-10,0.13200000247724283,0.0020000000284348344,0.03587692352233817
80.1,F,58.7057761732852,1.0000000099128106,1.000000007509705,1.0,0.10000000099128106,0.32500000322166345,0.04375000043368546,0.1784655613358823,0.17846556090701074,4.288715493849793e-10,0.132000001308491,0.0020000000150194102,0.035876923312193366
80.6,F,58.71052631578947,1.0000000051717475,1.0000000039179906,1.0,0.10000000051717475,0.32500000168081794,0.04375000022626395,0.1784800009230535,0.178480000699283,2.2377050212796235e-10,0.13200000068267068,0.002000000007835981,0.03587692319966914
81.1,F,58.71521997621879,1.0000000026651163,1.0000000020190274,1.0,0.10000000026651164,0.3250000008661628,0.04375000011659884,0.17849426920341313,0.17849426908808996,1.1532316768203543e-10,0.13200000035179538,0.0020000000040380547,0.035876923140176854
81.6,F,58.719858156028366,1.0000000013565422,1.0000000010276835,1.0,0.10000000013565423,0.32500000044087624,0.04375000005934872,0.17850836903648037,0.17850836897777633,5.870404162777731e-11,0.13200000017906358,0.002000000002055367,0.035876923109119205
82.1,F,58.72444183313748,1.000000000682007,1.000000000516672,1.0,0.1000000000682007,0.32500000022165226,0.043750000029837796,0.17852230329449142,0.17852230326497542,2.951600075462579e-11,0.1320000000900249,0.002000000001033344,0.0358769230931098
82.6,F,58.728971962616825,1.0000000003386746,1.0000000002565719,1.0,0.10000000003386747,0.3250000001100693,0.04375000001481701,0.1785360748268208,0.1785360748121625,1.4658302349701557e-11,0.13200000004470505,0.002000000000513144,0.03587692308496117
83.1,F,58.73344947735191,1.0000000001661173,1.0000000001258464,1.0,0.10000000001661175,0.32500000005398816,0.04375000000726763,0.17854968644081,0.17854968643361968,7.190331663409211e-12,0.1320000000219275,0.002000000000251693,0.0358769230808657
83.6,F,58.7378752886836,1.0000000000804796,1.0000000000609692,1.0,0.10000000000804797,0.32500000002615587,0.04375000000352098,0.17856314089196884,0.17856314088848502,3.48382434012251e-12,0.13200000001062331,0.0020000000001219385,0.03587692307883318
84.1,F,58.74225028702641,1.0000000000385119,1.0000000000291758,1.0,0.10000000000385119,0.3250000000125164,0.04375000000168489,0.1785764408794376,0.1785764408777704,1.6672219160795976e-12,0.13200000000508358,0.002000000000058352,0.03587692307783711
84.6,F,58.74657534246575,1.0000000000182028,1.00000000001379,1.0,0.10000000000182029,0.3250000000059159,0.04375000000079637,0.1785895890443467,0.17858958904355865,7.880640584545517e-13,0.13200000000240278,0.0020000000000275804,0.035876923077355106
85.1,F,58.75085130533485,1.0000000000084983,1.000000000006438,1.0,0.10000000000084984,0.32500000000276197,0.0437500000003718,0.17860258796973577,0.1786025879693678,3.6798342151200814e-13,0.13200000000112178,0.002000000000012876,0.03587692307712477
0.1,M,4.329170203369062,10.71739072693708,10.275691148439938,1.0,1.071739072693708,3.483151986254551,0.46888584430349717,0.12202518459937933,0.11699611791917393,0.005029066680205405,1.4146955759556945,0.020551382296879875,0.08965034236168483
0.6,M,7.443901786126735,7.672384478563105,7.369094274992051,1.0,0.7672384478563106,2.493524955533009,0.3356668209371358,0.15020581325766483,0.1442681609140215,0.005937652343643324,1.0127547511703299,0.014738188549984103,0.08447893153670033
1.1,M,9.810857729245457,5.581550323623164,5.373298036185697,1.0,0.5581550323623165,1.8140038551775284,0.2441928266585134,0.14401826383160682,0.13864482255871047,0.005373441272896351,0.7367646427182577,0.010746596072371394,0.07850806992368581
1.6,M,11.677556908848112,4.14589236206951,4.002897254702143,1.0,0.41458923620695104,1.347415017672591,0.18138279084054107,0.12732854120954687,0.12293687909410767,0.004391662115439204,0.5472577917931754,0.008005794509404286,0.07203820505840676
2.1,M,13.195529574200574,3.1601069626536136,3.061920282527087,1.0,0.3160106962653614,1.0270347628624243,0.13825467961609558,0.10966911924316554,0.10626162485827786,0.0034074943848876743,0.41713411907027703,0.006123840565054174,0.06549249308024788
2.6,M,14.463470321573075,2.483223694130296,2.4158044352509,1.0,0.24832236941302963,0.8070477005923462,0.10864103661820045,0.09445916469094597,0.09189460842769685,0.0025645562632491126,0.3277855276251991,0.004831608870501799,0.0593139712227613
3.1,M,15.549246755153444,2.0184461083334035,1.9721531029398316,1.0,0.20184461083334038,0.6559949852083562,0.0883070172395864,0.08254338265919736,0.08065025247213431,0.0018931301870630524,0.2664348863000093,0.003944306205879663,0.05385243942685528
3.6,M,16.501994350266866,1.6993095475580955,1.6675227463287459,1.0,0.16993095475580955,0.552275602956381,0.07434479270566667,0.07375045093480616,0.07237089596919773,0.0013795549656084316,0.2243088602776686,0.0033350454926574916,0.04929774496729012
4.1,M,17.35920325150333,1.4801765250512908,1.4583502941400648,1.0,0.14801765250512908,0.48105737064166953,0.06475772297099397,0.06757702193521417,0.06658055181149035,0.0009964701237238222,0.1953833013067704,0.00291670058828013,0.045680178071896685
4.6,M,18.15112202700275,1.3297106314443512,1.3147236248087728,1.0,0.13297106314443513,0.43215595521941413,0.05817484012569036,0.06347699602102666,0.0627615545271579,0.0007154414938687625,0.17552180335065437,0.002629447249617546,0.04291666765401519
5.1,M,18.903654595934928,1.2263964141610184,1.216104750548747,1.0,0.12263964141610184,0.398578834602331,0.053654843119544555,0.06097227417491172,0.06046060753251318,0.000511666642398538,0.16188432666925442,0.002432209501097494,0.0408677760445624
5.6,M,19.640375592615296,1.155467566633396,1.1483960797154698,1.0,0.1155467566633396,0.3755269591558537,0.05055170604021107,0.059684738693602316,0.059319466780257846,0.00036527191334446985,0.15252171879560827,0.0022967921594309396,0.03938233095137141
6.1,M,20.384005574698733,1.1068155080648068,1.1019376783067898,1.0,0.11068155080648068,0.3597150401210622,0.048423178477835296,0.059336307069642366,0.059074806935025356,0.00026150013461700983,0.1460996470645545,0.0022038753566135795,0.03832362314923976
6.6,M,21.157528506094916,1.0736165514131837,1.0701735959433116,1.0,0.10736165514131837,0.34892537920928474,0.04697072412432678,0.05974064144069755,0.05954906059374509,0.00019158084695246325,0.14171738478654025,0.0021403471918866233,0.037581659840478135
7.1,M,21.98503410287285,1.0515860619325619,1.0488652603128665,1.0,0.10515860619325619,0.3417654701280826,0.04600689020954958,0.060803378790612934,0.06064606030049106,0.00015731849012187715,0.13880936017509818,0.002097730520625733,0.03708025479053146
7.6,M,22.892294681787245,1.0389982812376215,1.0359004525494986,1.0,0.10389982812376215,0.337674441402227,0.04545617480414594,0.0625546941975403,0.0623681840465985,0.00018651015094179463,0.13714777312336604,0.002071800905098997,0.036790448889960234
8.1,M,23.907024332617553,1.0379287265584398,1.0319685329850665,1.0,0.10379287265584398,0.33732683613149295,0.04540938178693174,0.06526026065516463,0.06488551065913811,0.0003747499960265188,0.13700659190571407,0.002063937065970133,0.03676571236935758
8.6,M,25.05871211885519,1.0574652800151014,1.0425715205645265,1.0,0.10574652800151015,0.343676216004908,0.046264106000660686,0.06969162841254334,0.06871006394048763,0.0009815644720557043,0.1395854169619934,0.002085143041129053,0.03721478094199241
9.1,M,26.377874555036122,1.119451622205891,1.0817271674480353,1.0,0.1119451622205891,0.3638217772169146,0.04897600847150773,0.07766062423237394,0.07504353507264053,0.00261708915973341,0.14776761413117762,0.0021634543348960705,0.03860181678481894
9.6,M,27.894550606779006,1.2658774496007006,1.1767734338295508,1.0,0.12658774496007005,0.4114101711202277,0.05538213842003065,0.09286814718505043,0.08633123885002607,0.006536908335024363,0.16709582334729248,0.0023535468676591014,0.04166626981969338
10.1,M,29.63589160305222,1.5637457127877104,1.371531470076754,1.0,0.15637457127877105,0.5082173566560059,0.06841387493446233,0.12188208589434436,0.10690044748048189,0.014981638413862478,0.20641443408797777,0.002743062940153508,0.047112941388856036
10.6,M,31.6228136749562,2.099193011682575,1.7224257419722284,1.0,0.20991930116825752,0.6822377287968369,0.09183969426111264,0.1745856843224276,0.14325070404829357,0.03133498027413403,0.2770934775420999,0.003444851483944457,0.054891172948658626
11.1,M,33.86591061494289,2.951743017768945,2.281573155792484,1.0,0.2951743017768945,0.9593164807749072,0.12913875702739133,0.262903913470858,0.20321366322102138,0.059690250249836624,0.38963007834550073,0.0045631463115849685,0.06377218984352011
11.6,M,36.361164850427954,4.147178099703336,3.065844980439805,1.0,0.4147178099703336,1.3478328824035841,0.18143904186202092,0.39659407581965544,0.2931863371652238,0.10340773865443165,0.5474275091608404,0.00613168996087961,0.07204536139013508
12.1,M,39.08636731251571,5.604700051699667,4.022184152585844,1.0,0.5604700051699667,1.8215275168023919,0.2452056272618604,0.5761471696796596,0.4134690517006266,0.16267811797903303,0.7398204068243561,0.008044368305171688,0.07859226228190981
12.6,M,41.99939889747844,7.111411373607785,5.010853863186249,1.0,0.7111411373607786,2.31120869642253,0.3111242475953406,0.7855152579010946,0.5534909960705262,0.23202426183056835,0.9387063013162277,0.010021707726372498,0.08314727500814476
13.1,M,45.039426531755595,8.356968920343581,5.828175750933335,1.0,0.8356968920343582,2.716014899111664,0.36561739026503165,0.9899138206930262,0.6903689340320853,0.2995448866609409,1.1031198974853527,0.01165635150186667,0.08590772153832664
13.6,M,48.13149156859477,9.032620027412513,6.271520118435788,1.0,0.9032620027412513,2.9356015089090666,0.3951771261992974,1.1434016384392385,0.7938855345582708,0.34951610388096765,1.1923058436184517,0.012543040236871576,0.08714328772766447
14.1,M,51.19400910126968,8.954443000394672,6.220180964540893,1.0,0.8954443000394673,2.9101939751282684,0.3917568812672669,1.2056283898871842,0.8374866823939598,0.3681417074932244,1.1819864760520968,0.012440361929081788,0.0870081549689425
14.6,M,54.14771628891471,8.144201506475591,5.688435622099124,1.0,0.8144201506475591,2.646865489604567,0.3563088159083071,1.1598034700653912,0.8100815492480619,0.34972192081732933,1.075034598854778,0.011376871244198249,0.08548440346297469
15.1,M,56.924077179117006,6.819527018682555,4.819101261433348,1.0,0.6819527018682555,2.2163462810718304,0.29835430706736177,1.0209535925451514,0.7214692063277056,0.2994843862174458,0.9001775664660973,0.009638202522866696,0.08238704047476424
15.6,M,59.47135211052884,5.299432875647099,3.821527993856198,1.0,0.52994328756471,1.7223156845853074,0.23185018830956058,0.8288824733436864,0.5977238791071345,0.23115859423655183,0.6995251395854172,0.0076430559877123955,0.0774388699895222
16.1,M,61.75736330357906,3.8808718826979147,2.8905894553002325,1.0,0.3880871882697915,1.2612833618768222,0.16978814486803376,0.6303384509093245,0.46949493169099915,0.16084351921832535,0.5122750885161248,0.005781178910600465,0.07049580103559651
16.6,M,63.76901509804829,2.7507577991191527,2.148946672439293,1.0,0.2750757799119153,0.8939962847137247,0.12034565371146293,0.4613364940887618,0.36040523966316346,0.10093125442559836,0.36310002948372816,0.004297893344878586,0.06196844517503525
17.1,M,65.50941124899968,1.9649791173601816,1.6332756940078719,1.0,0.19649791173601816,0.638618213142059,0.08596783638450795,0.33854576399944114,0.28139666359022103,0.05714910040922011,0.259377243491544,0.003266551388015744,0.05314108449099777
17.6,M,66.99372794678838,1.482392289196343,1.316575534722395,1.0,0.1482392289196343,0.4817774939888115,0.06485466265234001,0.2611878924773604,0.23197205740177057,0.029215835075589836,0.1956757821739173,0.00263315106944479,0.045719065741278424
18.1,M,68.2448936368547,1.2187133656810243,1.1435344879562468,1.0,0.12187133656810244,0.3960818438463329,0.05331870974854481,0.2187396353586997,0.20524622438670728,0.013493410971992414,0.1608701642698952,0.002287068975912494,0.04071007884348009
18.6,M,69.2897890382556,1.0899388152156746,1.059024985383411,1.0,0.10899388152156747,0.35423011494509427,0.04768482316568576,0.1986218884014679,0.19298839487569525,0.005633493525772665,0.14387192360846907,0.0021180499707668223,0.03794846817255071
19.1,M,70.1563091831433,1.0335448780478036,1.0220156375148246,1.0,0.10335448780478036,0.3359020853655362,0.045217588414591406,0.1907004952699065,0.18857322249595804,0.0021272727739484742,0.1364279239023101,0.002044031275029649,0.03666413825514693
19.6,M,70.87134173475268,1.0113485075588056,1.0074487018003013,1.0,0.10113485075588056,0.3286882649566118,0.04424649720569774,0.1885068955703077,0.18778000442312312,0.0007268911471845774,0.13349800299776235,0.002014897403600603,0.03614523754759405
20.1,M,71.45954646755445,1.0034830224908318,1.002286587498482,1.0,0.10034830224908318,0.32613198230952034,0.043902382233973886,0.18859320160547507,0.18836834527939597,0.00022485632607910366,0.1324597589687898,0.0020045731749969643,0.03595949167149392
20.6,M,71.94275202172352,1.0009702605611819,1.0006373198792988,1.0,0.1000970260561182,0.3253153346823841,0.0437924488995517,0.18939302027245022,0.18933002475320468,6.299551924554558e-05,0.132128074394076,0.0020012746397585976,0.03589994364677469
21.1,M,72.33978242347763,1.000245695351698,1.0001616402127818,1.0,0.1000245695351698,0.32507985098930187,0.04376074917163679,0.19030037220573384,0.190284380410622,1.5991795111830465e-05,0.13203243178642415,0.0020003232804255634,0.035882753916793894
21.6,M,72.66655473773531,1.0000568497349762,1.0000375841075553,1.0,0.10000568497349763,0.3250184761638673,0.04375248717590521,0.19112390368585927,0.19112022177325536,3.6819126039144834e-06,0.13200750416501686,0.0020000751682151107,0.03587827232055327
22.1,M,72.93632824442787,1.0000122445630073,1.0000082253301366,1.0,0.10000122445630073,0.3250039794829774,0.04375053569963157,0.19182489206606276,0.19182412108659144,7.709794713206541e-07,0.13200161628231696,0.0020000164506602733,0.03587721368774239
22.6,M,73.16002250154109,1.0000026223540859,1.0000018512693183,1.0,0.10000026223540859,0.3250008522650779,0.04375011472799126,0.1924113637484558,0.19241121538337316,1.4836508263615933e-07,0.13200034615073936,0.0020000037025386364,0.03587698531572661
23.1,M,73.34655155301249,1.0000006731939712,1.0000005312871632,1.0,0.10000006731939713,0.32500021878804064,0.04375002945223624,0.19290156044450296,0.19290153307047667,2.7374026295712284e-08,0.13200008886160422,0.0020000010625743263,0.03587693905448125
23.6,M,73.50314344944923,1.0000002638125864,1.0000002345841004,1.0,0.10000002638125866,0.3250000857390906,0.04375001154180065,0.1933133182705245,0.19331331262027035,5.650254153444223e-09,0.13200003482326142,0.002000000469168201,0.03587692933824108
24.1,M,73.63562916848656,1.0000001495835367,1.0000001403633159,1.0,0.10000001495835367,0.32500004861464943,0.043750006544279726,0.19366173368172238,0.19366173189611868,1.785603692683324e-09,0.13200001974502684,0.0020000002807266317,0.035876926627133245
24.6,M,73.74869454356971,1.0000000981716284,1.0000000934008884,1.0,0.10000000981716284,0.32500003190577925,0.04375000429500874,0.19395908569086576,0.19395908476553747,9.25328286216498e-10,0.13200001295865496,0.0020000001868017768,0.03587692540692495
25.1,M,73.8460944883339,1.0000000668184792,1.000000063745646,1.0,0.10000000668184793,0.3250000217160057,0.04375000292330846,0.19421524148148436,0.19421524088469339,5.967909777471192e-10,0.13200000882003926,0.0020000001274912923,0.03587692466279045
25.6,M,73.93083190616933,1.000000045810984,1.000000043724933,1.0,0.1000000045810984,0.3250000148885698,0.04375000200423054,0.19443809682062543,0.19443809641501772,4.0560771408237883e-10,0.13200000604704987,0.002000000087449866,0.03587692416419932
26.1,M,74.00530513962963,1.000000031448416,1.0000000300185876,1.0,0.10000000314484161,0.32500001022073527,0.0437500013758682,0.19463395863815544,0.19463395835986227,2.7829316628924516e-10,0.13200000415119093,0.0020000000600371754,0.035876923823318654
26.6,M,74.07142829350705,1.0000000215931404,1.0000000206116035,1.0,0.10000000215931404,0.32500000701777065,0.04375000094469989,0.19480786061843694,0.19480786042722587,1.9121107475150723e-10,0.13200000285029453,0.002000000041223207,0.0358769235894139
27.1,M,74.13072868885311,1.00000001482673,1.0000000141527854,1.0,0.10000000148267302,0.3250000048186873,0.043750000648669435,0.19496381934235954,0.19496381921096473,1.3139481169766043e-10,0.13200000195712838,0.0020000000283055706,0.035876923428820165
27.6,M,74.18442534498583,1.0000000101806747,1.000000009717917,1.0,0.10000000101806748,0.3250000033087193,0.043750000445404516,0.19510504064361364,0.19510504055332728,9.028636172025983e-11,0.13200000134384907,0.002000000019435834,0.03587692331855085
28.1,M,74.23349190721709,1.0000000069904953,1.0000000066727455,1.0,0.10000000069904953,0.325000002271911,0.04375000030583417,0.1952340850807639,0.19523408501872827,6.20356266356481e-11,0.1320000009227454,0.002000000013345491,0.03587692324283524
28.6,M,74.27870693424802,1.000000004799979,1.000000004581798,1.0,0.10000000047999791,0.3250000015599932,0.043750000209999085,0.1953530001747626,0.19535300013214027,4.2622322338203844e-11,0.13200000063359724,0.002000000009163596,0.03587692319084561
29.1,M,74.32069398146147,1.000000003295875,1.0000000031460625,1.0,0.1000000003295875,0.32500000107115934,0.04375000014419452,0.19546342581546666,0.19546342578618384,2.9282826163878894e-11,0.1320000004350555,0.0020000000062921253,0.035876923155147254
29.6,M,74.35995348848965,1.0000000022630917,1.0000000021602238,1.0,0.10000000022630917,0.32500000073550483,0.04375000009901026,0.1955666781173131,0.19556667809719558,2.0117518761963993e-11,0.1320000002987281,0.0020000000043204477,0.035876923130635216
30.1,M,74.39688810969075,1.0000000015539374,1.000000001483304,1.0,0.10000000015539375,0.3250000005050297,0.04375000006798476,0.195663816032536,0.19566381601871558,1.3820417033016952e-11,0.13200000020511973,0.002000000002966608,0.03587692311380417
30.6,M,74.43182281419858,1.0000000010670012,1.0000000010185013,1.0,0.10000000010670013,0.3250000003467754,0.043750000046681295,0.19575569421021383,0.1957556942007197,9.494127706233257e-12,0.13200000014084415,0.0020000000020370026,0.03587692310224724
31.1,M,74.46502082337037,1.0000000007326495,1.0000000006993475,1.0,0.10000000007326496,0.3250000002381111,0.04375000003205341,0.19584300490894835,0.19584300490242637,6.5219774025848665e-12,0.13200000009670973,0.002000000001398695,0.03587692309431175
31.6,M,74.49669624129349,1.0000000005030691,1.0000000004802023,1.0,0.10000000005030692,0.3250000001634975,0.043750000022009274,0.19592631121316637,0.19592631120868614,4.480221749147972e-12,0.13200000006640514,0.0020000000009604045,0.03587692308886291
32.1,M,74.52702406165682,1.0000000003454292,1.000000000329728,1.0,0.10000000003454293,0.32500000011226454,0.043750000015112527,0.19600607334986367,0.19600607334678613,3.077538224260934e-12,0.13200000004559667,0.002000000000659456,0.035876923085121484
32.6,M,74.55614809521725,1.0000000002371867,1.0000000002264056,1.0,0.10000000002371867,0.3250000000770857,0.04375000001037692,0.19608266953692957,0.19608266953481557,2.114003416764376e-12,0.13200000003130866,0.002000000000452811,0.03587692308255246
33.1,M,74.58418725044102,1.0000000001628628,1.0000000001554599,1.0,0.10000000001628628,0.32500000005293045,0.04375000000712525,0.19615641250060648,0.19615641249915433,1.4521439606340891e-12,0.1320000000214979,0.0020000000003109197,0.03587692308078846
33.6,M,74.6112405106143,1.0000000001118288,1.0000000001067455,1.0,0.10000000001118288,0.3250000000363444,0.04375000000489251,0.1962275625648595,0.196227562563862,9.974798764744719e-13,0.1320000000147614,0.002000000000213491,0.03587692307957721
34.1,M,74.63739087953165,1.0000000000767866,1.0000000000732963,1.0,0.10000000000767867,0.32500000002495566,0.04375000000335941,0.19629633802824117,0.196296338027556,6.851741396474154e-13,0.13200000001013584,0.0020000000001465924,0.03587692307874553
34.6,M,74.66270851124722,1.000000000052725,1.0000000000503284,1.0,0.1000000000052725,0.32500000001713564,0.043750000002306715,0.1963629233949334,0.19636292339446282,4.705680289873726e-13,0.1320000000069597,0.002000000000100657,0.03587692307817445
35.1,M,74.68725319441279,1.0000000000362033,1.0000000000345577,1.0,0.10000000000362033,0.3250000000117661,0.04375000000158389,0.19642747590841694,0.19642747590809373,3.232136780439987e-13,0.13200000000477885,0.0020000000000691153,0.03587692307778233
35.6,M,74.71107632607779,1.0000000000248588,1.0000000000237288,1.0,0.10000000000248588,0.3250000000080791,0.04375000000108757,0.1964901307424691,0.19649013074224705,2.220446049250313e-13,0.13200000000328135,0.0020000000000474577,0.03587692307751307
36.1,M,74.73422248158927,1.000000000017069,1.0000000000162932,1.0,0.1000000000017069,0.32500000000554746,0.04375000000074677,0.19655100512993473,0.1965510051297822,1.5251688800788088e-13,0.13200000000225312,0.0020000000000325864,0.0358769230773282
36.6,M,74.75673066488326,1.0000000000117204,1.0000000000111877,1.0,0.10000000000117204,0.32500000000380913,0.04375000000051277,0.19661020165094734,0.1966102016508426,1.0474954237338352e-13,0.1320000000015471,0.0020000000000223754,0.03587692307720125
37.1,M,74.77863530578475,1.0000000000080478,1.0000000000076819,1.0,0.10000000000080478,0.32500000000261553,0.04375000000035209,0.19666781085579663,0.19666781085572466,7.197020757132577e-14,0.13200000000106232,0.0020000000000153636,0.035876923077114084
37.6,M,74.79996705696192,1.000000000005526,1.0000000000052747,1.0,0.1000000000005526,0.32500000000179596,0.04375000000024176,0.19672391336089695,0.19672391336084752,4.9432680171435095e-14,0.13200000000072945,0.0020000000000105493,0.035876923077054236
38.1,M,74.82075343213845,1.0000000000037943,1.0000000000036218,1.0,0.10000000000037944,0.32500000000123314,0.043750000000165996,0.19677858152727074,0.19677858152723682,3.391731340229853e-14,0.13200000000050086,0.0020000000000072434,0.03587692307701313
38.6,M,74.84101931844563,1.0000000000026052,1.000000000002487,1.0,0.10000000000026053,0.3250000000008467,0.043750000000113975,0.1968318808080248,0.19683188080800149,2.3314683517128287e-14,0.1320000000003439,0.002000000000004974,0.03587692307698491
39.1,M,74.86078738890444,1.0000000000017888,1.0000000000017077,1.0,0.10000000000017889,0.3250000000005814,0.043750000000078254,0.19688387083317085,0.1968838708331549,1.5959455978986625e-14,0.13200000000023612,0.0020000000000034157,0.03587692307696553
39.6,M,74.88007843558697,1.0000000000012284,1.0000000000011726,1.0,0.10000000000012284,0.32500000000039925,0.04375000000005374,0.19693460628583562,0.19693460628582465,1.0963452368173421e-14,0.13200000000016215,0.0020000000000023454,0.035876923076952234
40.1,M,74.89891163970705,1.0000000000008435,1.0000000000008051,1.0,0.10000000000008435,0.3250000000002742,0.043750000000036905,0.19698413761259573,0.19698413761258815,7.577272143066693e-15,0.13200000000011136,0.0020000000000016103,0.035876923076943096
40.6,M,74.91730479149655,1.000000000000579,1.000000000000553,1.0,0.10000000000005792,0.3250000000001882,0.04375000000002533,0.19703251160175003,0.19703251160174487,5.162537064506978e-15,0.13200000000007645,0.002000000000001106,0.035876923076936816
41.1,M,74.93527447004163,1.0000000000003977,1.0000000000003797,1.0,0.10000000000003978,0.32500000000012924,0.04375000000001739,0.1970797718562879,0.19707977185628434,3.552713678800501e-15,0.1320000000000525,0.0020000000000007594,0.035876923076932514
41.6,M,74.95283619113613,1.0000000000002731,1.0000000000002607,1.0,0.10000000000002732,0.3250000000000888,0.043750000000011946,0.19712595918274184,0.1971259591827394,2.4424906541753444e-15,0.13200000000003606,0.0020000000000005213,0.03587692307692956
42.1,M,74.97000452953527,1.0000000000001874,1.000000000000179,1.0,0.10000000000001874,0.3250000000000609,0.0437500000000082,0.1971711119127147,0.19717111191271305,1.6375789613221059e-15,0.13200000000002474,0.002000000000000358,0.035876923076927525
42.6,M,74.98679322067184,1.0000000000001288,1.0000000000001228,1.0,0.10000000000001288,0.32500000000004187,0.04375000000000563,0.19721526617039234,0.19721526617039117,1.1657341758564144e-15,0.132000000000017,0.0020000000000002455,0.03587692307692613
43.1,M,75.00321524585074,1.0000000000000884,1.0000000000000844,1.0,0.10000000000000885,0.3250000000000287,0.04375000000000386,0.1972584560966049,0.19725845609660408,8.049116928532385e-16,0.13200000000001166,0.0020000000000001687,0.03587692307692517
43.6,M,75.01928290411296,1.0000000000000608,1.000000000000058,1.0,0.10000000000000608,0.3250000000000198,0.04375000000000266,0.1973007140378291,0.19730071403782848,6.106226635438361e-16,0.13200000000000803,0.002000000000000116,0.03587692307692452
44.1,M,75.03500787330566,1.0000000000000415,1.0000000000000397,1.0,0.10000000000000416,0.3250000000000135,0.043750000000001815,0.19734207070680207,0.19734207070680174,3.3306690738754696e-16,0.13200000000000547,0.0020000000000000794,0.03587692307692406
44.6,M,75.05040126237901,1.0000000000000286,1.0000000000000273,1.0,0.10000000000000286,0.32500000000000934,0.04375000000000125,0.19738255532006246,0.19738255532006221,2.498001805406602e-16,0.13200000000000378,0.0020000000000000547,0.03587692307692376
45.1,M,75.06547365652042,1.0000000000000195,1.0000000000000187,1.0,0.10000000000000196,0.32500000000000634,0.04375000000000085,0.19742219571665257,0.1974221957166524,1.6653345369377348e-16,0.1320000000000026,0.0020000000000000373,0.03587692307692354
45.6,M,75.08023515641358,1.0000000000000135,1.0000000000000129,1.0,0.10000000000000137,0.3250000000000044,0.04375000000000059,0.19746101846137037,0.19746101846137024,1.3877787807814457e-16,0.13200000000000178,0.0020000000000000256,0.035876923076923396
46.1,M,75.09469541265219,1.0000000000000093,1.0000000000000089,1.0,0.10000000000000094,0.32500000000000306,0.04375000000000041,0.19749904893527712,0.197499048935277,1.1102230246251565e-16,0.13200000000000123,0.002000000000000018,0.03587692307692329
46.6,M,75.10886365613503,1.0000000000000064,1.000000000000006,1.0,0.10000000000000064,0.3250000000000021,0.04375000000000028,0.19753631141563638,0.1975363114156363,8.326672684688674e-17,0.13200000000000087,0.002000000000000012,0.03587692307692323
47.1,M,75.12274872510731,1.0000000000000044,1.0000000000000042,1.0,0.10000000000000045,0.32500000000000145,0.04375000000000019,0.1975728291470331,0.19757282914703309,2.7755575615628914e-17,0.1320000000000006,0.0020000000000000083,0.03587692307692318
47.6,M,75.13635908938431,1.000000000000003,1.0000000000000029,1.0,0.10000000000000031,0.325000000000001,0.043750000000000136,0.19760862440508137,0.19760862440508134,2.7755575615628914e-17,0.13200000000000042,0.0020000000000000057,0.035876923076923146
48.1,M,75.14970287219181,1.000000000000002,1.000000000000002,1.0,0.1000000000000002,0.3250000000000007,0.04375000000000009,0.19764371855386484,0.19764371855386484,0.0,0.13200000000000028,0.002000000000000004,0.035876923076923126
48.6,M,75.16278786997583,1.0000000000000013,1.0000000000000013,1.0,0.10000000000000014,0.32500000000000046,0.04375000000000005,0.1976781320980367,0.1976781320980367,0.0,0.13200000000000017,0.0020000000000000026,0.035876923076923105
49.1,M,75.17562157046953,1.000000000000001,1.0000000000000009,1.0,0.10000000000000012,0.3250000000000004,0.043750000000000046,0.1977118847303351,0.19771188473033502,8.326672684688674e-17,0.13200000000000014,0.0020000000000000018,0.035876923076923105
49.6,M,75.18821116925312,1.0000000000000007,1.0000000000000007,1.0,0.10000000000000007,0.32500000000000023,0.043750000000000025,0.19774499537513585,0.19774499537513585,0.0,0.1320000000000001,0.0020000000000000013,0.03587692307692309
50.1,M,75.20056358500098,1.0000000000000004,1.0000000000000004,1.0,0.10000000000000005,0.3250000000000002,0.04375000000000002,0.19777748222855265,0.19777748222855265,0.0,0.13200000000000006,0.002000000000000001,0.035876923076923084
50.6,M,75.2126854735771,1.0000000000000004,1.0000000000000002,1.0,0.10000000000000005,0.3250000000000002,0.04375000000000002,0.19780936279550787,0.1978093627955078,8.326672684688674e-17,0.13200000000000006,0.0020000000000000005,0.035876923076923084
51.1,M,75.22458324111264,1.0000000000000002,1.0000000000000002,1.0,0.10000000000000003,0.32500000000000007,0.043750000000000004,0.19784065392412628,0.19784065392412628,0.0,0.13200000000000003,0.0020000000000000005,0.035876923076923084
51.6,M,75.23626305617826,1.0000000000000002,1.0000000000000002,1.0,0.10000000000000003,0.32500000000000007,0.043750000000000004,0.19787137183774886,0.19787137183774886,0.0,0.13200000000000003,0.0020000000000000005,0.035876923076923084
52.1,M,75.24773086114587,1.0000000000000002,1.0,1.0,0.10000000000000003,0.32500000000000007,0.043750000000000004,0.19790153216481365,0.19790153216481363,2.7755575615628914e-17,0.13200000000000003,0.002,0.035876923076923084
52.6,M,75.2589923828204,1.0,1.0,1.0,0.1,0.325,0.04375,0.19793114996681763,0.19793114996681763,0.0,0.132,0.002,0.03587692307692308
53.1,M,75.2700531424106,1.0,1.0,1.0,0.1,0.325,0.04375,0.19796023976453989,0.19796023976453989,0.0,0.132,0.002,0.03587692307692308
53.6,M,75.28091846489824,1.0,1.0,1.0,0.1,0.325,0.04375,0.19798881556268236,0.19798881556268236,0.0,0.132,0.002,0.03587692307692308
54.1,M,75.2915934878571,1.0,1.0,1.0,0.1,0.325,0.04375,0.19801689087306418,0.19801689087306418,0.0,0.132,0.002,0.03587692307692308
54.6,M,75.30208316976702,1.0,1.0,1.0,0.1,0.325,0.04375,0.19804447873648726,0.19804447873648726,0.0,0.132,0.002,0.03587692307692308
55.1,M,75.31239229786237,1.0,1.0,1.0,0.1,0.325,0.04375,0.19807159174337804,0.19807159174337804,0.0,0.132,0.002,0.03587692307692308
55.6,M,75.32252549555018,1.0,1.0,1.0,0.1,0.325,0.04375,0.19809824205329699,0.19809824205329699,0.0,0.132,0.002,0.03587692307692308
56.1,M,75.33248722942903,1.0,1.0,1.0,0.1,0.325,0.04375,0.19812444141339836,0.19812444141339836,0.0,0.132,0.002,0.03587692307692308
56.6,M,75.34228181593683,1.0,1.0,1.0,0.1,0.325,0.04375,0.19815020117591386,0.19815020117591386,0.0,0.132,0.002,0.03587692307692308
57.1,M,75.35191342765253,1.0,1.0,1.0,0.1,0.325,0.04375,0.19817553231472615,0.19817553231472615,0.0,0.132,0.002,0.03587692307692308
57.6,M,75.36138609927477,1.0,1.0,1.0,0.1,0.325,0.04375,0.19820044544109264,0.19820044544109264,0.0,0.132,0.002,0.03587692307692308
58.1,M,75.37070373329811,1.0,1.0,1.0,0.1,0.325,0.04375,0.19822495081857402,0.19822495081857402,0.0,0.132,0.002,0.03587692307692308
58.6,M,75.37987010540574,1.0,1.0,1.0,0.1,0.325,0.04375,0.1982490583772171,0.1982490583772171,0.0,0.132,0.002,0.03587692307692308
59.1,M,75.38888886959634,1.0,1.0,1.0,0.1,0.325,0.04375,0.19827277772703839,0.19827277772703839,0.0,0.132,0.002,0.03587692307692308
59.6,M,75.39776356306072,1.0,1.0,1.0,0.1,0.325,0.04375,0.1982961181708497,0.1982961181708497,0.0,0.132,0.002,0.03587692307692308
60.1,M,75.40649761082317,1.0,1.0,1.0,0.1,0.325,0.04375,0.19831908871646492,0.19831908871646492,0.0,0.132,0.002,0.03587692307692308
60.6,M,75.41509433016125,1.0,1.0,1.0,0.1,0.325,0.04375,0.19834169808832408,0.19834169808832408,0.0,0.132,0.002,0.03587692307692308
61.1,M,75.42355693481647,1.0,1.0,1.0,0.1,0.325,0.04375,0.19836395473856733,0.19836395473856733,0.0,0.132,0.002,0.03587692307692308
61.6,M,75.43188853900776,1.0,1.0,1.0,0.1,0.325,0.04375,0.1983858668575904,0.1983858668575904,0.0,0.132,0.002,0.03587692307692308
62.1,M,75.4400921612586,1.0,1.0,1.0,0.1,0.325,0.04375,0.19840744238411012,0.19840744238411012,0.0,0.132,0.002,0.03587692307692308
62.6,M,75.44817072804821,1.0,1.0,1.0,0.1,0.325,0.04375,0.1984286890147668,0.1984286890147668,0.0,0.132,0.002,0.03587692307692308
63.1,M,75.45612707729599,1.0,1.0,1.0,0.1,0.325,0.04375,0.19844961421328844,0.19844961421328844,0.0,0.132,0.002,0.03587692307692308
63.6,M,75.46396396168842,1.0,1.0,1.0,0.1,0.325,0.04375,0.19847022521924054,0.19847022521924054,0.0,0.132,0.002,0.03587692307692308
64.1,M,75.47168405185678,1.0,1.0,1.0,0.1,0.325,0.04375,0.19849052905638334,0.19849052905638334,0.0,0.132,0.002,0.03587692307692308
64.6,M,75.47928993941328,1.0,1.0,1.0,0.1,0.325,0.04375,0.19851053254065693,0.19851053254065693,0.0,0.132,0.002,0.03587692307692308
65.1,M,75.4867841398532,1.0,1.0,1.0,0.1,0.325,0.04375,0.1985302422878139,0.1985302422878139,0.0,0.132,0.002,0.03587692307692308
65.6,M,75.49416909532987,1.0,1.0,1.0,0.1,0.325,0.04375,0.19854966472071756,0.19854966472071756,0.0,0.132,0.002,0.03587692307692308
66.1,M,75.50144717730889,1.0,1.0,1.0,0.1,0.325,0.04375,0.19856880607632238,0.19856880607632238,0.0,0.132,0.002,0.03587692307692308
66.6,M,75.50862068910789,1.0,1.0,1.0,0.1,0.325,0.04375,0.19858767241235373,0.19858767241235373,0.0,0.132,0.002,0.03587692307692308
67.1,M,75.51569186832732,1.0,1.0,1.0,0.1,0.325,0.04375,0.19860626961370087,0.19860626961370087,0.0,0.132,0.002,0.03587692307692308
67.6,M,75.52266288917806,1.0,1.0,1.0,0.1,0.325,0.04375,0.1986246033985383,0.1986246033985383,0.0,0.132,0.002,0.03587692307692308
68.1,M,75.52953586471051,1.0,1.0,1.0,0.1,0.325,0.04375,0.19864267932418864,0.19864267932418864,0.0,0.132,0.002,0.03587692307692308
68.6,M,75.53631284895036,1.0,1.0,1.0,0.1,0.325,0.04375,0.19866050279273945,0.19866050279273945,0.0,0.132,0.002,0.03587692307692308
69.1,M,75.54299583894543,1.0,1.0,1.0,0.1,0.325,0.04375,0.19867807905642648,0.19867807905642648,0.0,0.132,0.002,0.03587692307692308
69.6,M,75.54958677672788,1.0,1.0,1.0,0.1,0.325,0.04375,0.19869541322279433,0.19869541322279433,0.0,0.132,0.002,0.03587692307692308
70.1,M,75.55608755119579,1.0,1.0,1.0,0.1,0.325,0.04375,0.19871251025964493,0.19871251025964493,0.0,0.132,0.002,0.03587692307692308
70.6,M,75.56249999991815,1.0,1.0,1.0,0.1,0.325,0.04375,0.1987293749997847,0.1987293749997847,0.0,0.132,0.002,0.03587692307692308
71.1,M,75.56882591086662,1.0,1.0,1.0,0.1,0.325,0.04375,0.19874601214557922,0.19874601214557922,0.0,0.132,0.002,0.03587692307692308
71.6,M,75.57506702407778,1.0,1.0,1.0,0.1,0.325,0.04375,0.19876242627332458,0.19876242627332458,0.0,0.132,0.002,0.03587692307692308
72.1,M,75.5812250332488,1.0,1.0,1.0,0.1,0.325,0.04375,0.19877862183744435,0.19877862183744435,0.0,0.132,0.002,0.03587692307692308
72.6,M,75.58730158726993,1.0,1.0,1.0,0.1,0.325,0.04375,0.1987946031745199,0.1987946031745199,0.0,0.132,0.002,0.03587692307692308
73.1,M,75.59329829169646,1.0,1.0,1.0,0.1,0.325,0.04375,0.19881037450716169,0.19881037450716169,0.0,0.132,0.002,0.03587692307692308
73.6,M,75.59921671016309,1.0,1.0,1.0,0.1,0.325,0.04375,0.19882593994772893,0.19882593994772893,0.0,0.132,0.002,0.03587692307692308
74.1,M,75.60505836574323,1.0,1.0,1.0,0.1,0.325,0.04375,0.1988413035019047,0.1988413035019047,0.0,0.132,0.002,0.03587692307692308
74.6,M,75.6108247422558,1.0,1.0,1.0,0.1,0.325,0.04375,0.19885646907213275,0.19885646907213275,0.0,0.132,0.002,0.03587692307692308
75.1,M,75.61651728552172,1.0,1.0,1.0,0.1,0.325,0.04375,0.19887144046092212,0.19887144046092212,0.0,0.132,0.002,0.03587692307692308
75.6,M,75.62213740457254,1.0,1.0,1.0,0.1,0.325,0.04375,0.19888622137402578,0.19888622137402578,0.0,0.132,0.002,0.03587692307692308
76.1,M,75.62768647281321,1.0,1.0,1.0,0.1,0.325,0.04375,0.19890081542349874,0.19890081542349874,0.0,0.132,0.002,0.03587692307692308
76.6,M,75.63316582914099,1.0,1.0,1.0,0.1,0.325,0.04375,0.1989152261306408,0.1989152261306408,0.0,0.132,0.002,0.03587692307692308
77.1,M,75.63857677902249,1.0,1.0,1.0,0.1,0.325,0.04375,0.19892945692882913,0.19892945692882913,0.0,0.132,0.002,0.03587692307692308
77.6,M,75.64392059553056,1.0,1.0,1.0,0.1,0.325,0.04375,0.19894351116624537,0.19894351116624537,0.0,0.132,0.002,0.03587692307692308
78.1,M,75.64919852034294,1.0,1.0,1.0,0.1,0.325,0.04375,0.1989573921085019,0.1989573921085019,0.0,0.132,0.002,0.03587692307692308
78.6,M,75.65441176470405,1.0,1.0,1.0,0.1,0.325,0.04375,0.19897110294117165,0.19897110294117165,0.0,0.132,0.002,0.03587692307692308
79.1,M,75.65956151035178,1.0,1.0,1.0,0.1,0.325,0.04375,0.1989846467722252,0.1989846467722252,0.0,0.132,0.002,0.03587692307692308
79.6,M,75.66464891041048,1.0,1.0,1.0,0.1,0.325,0.04375,0.19899802663437954,0.19899802663437954,0.0,0.132,0.002,0.03587692307692308
80.1,M,75.66967509025181,1.0,1.0,1.0,0.1,0.325,0.04375,0.19901124548736226,0.19901124548736226,0.0,0.132,0.002,0.03587692307692308
80.6,M,75.67464114832465,1.0,1.0,1.0,0.1,0.325,0.04375,0.19902430622009384,0.19902430622009384,0.0,0.132,0.002,0.03587692307692308
81.1,M,75.67954815695545,1.0,1.0,1.0,0.1,0.325,0.04375,0.19903721165279284,0.19903721165279284,0.0,0.132,0.002,0.03587692307692308
81.6,M,75.68439716312012,1.0,1.0,1.0,0.1,0.325,0.04375,0.19904996453900592,0.19904996453900592,0.0,0.132,0.002,0.03587692307692308
82.1,M,75.68918918918885,1.0,1.0,1.0,0.1,0.325,0.04375,0.19906256756756668,0.19906256756756668,0.0,0.132,0.002,0.03587692307692308
82.6,M,75.69392523364459,1.0,1.0,1.0,0.1,0.325,0.04375,0.19907502336448527,0.19907502336448527,0.0,0.132,0.002,0.03587692307692308
83.1,M,75.6986062717768,1.0,1.0,1.0,0.1,0.325,0.04375,0.19908733449477298,0.19908733449477298,0.0,0.132,0.002,0.03587692307692308
83.6,M,75.70323325635087,1.0,1.0,1.0,0.1,0.325,0.04375,0.1990995034642028,0.1990995034642028,0.0,0.132,0.002,0.03587692307692308
84.1,M,75.70780711825475,1.0,1.0,1.0,0.1,0.325,0.04375,0.19911153272100998,0.19911153272100998,0.0,0.132,0.002,0.03587692307692308
84.6,M,75.71232876712318,1.0,1.0,1.0,0.1,0.325,0.04375,0.19912342465753397,0.19912342465753397,0.0,0.132,0.002,0.03587692307692308
85.1,M,75.71679909194089,1.0,1.0,1.0,0.1,0.325,0.04375,0.19913518161180452,0.19913518161180452,0.0,0.132,0.002,0.03587692307692308
