age,sex,marker,mean,median,std,hdi_lower,hdi_upper
0.1,F,alp,10.360655937810485,10.342520911986014,0.3249377341549749,9.764918808436725,10.980341180697605
0.6,F,alp,10.243088083840945,10.230443600577855,0.30262039270649094,9.690729119599322,10.821476620433307
1.1,F,alp,10.04995265714765,10.042069094545116,0.27611595497011704,9.544900893033054,10.577968294982266
1.6,F,alp,9.805266722041104,9.804002443655927,0.25085214520744514,9.342755876670719,10.284684867614653
2.1,F,alp,9.52174861276685,9.517022843718877,0.22922913478322418,9.111030927137667,9.952757113710637
2.6,F,alp,9.208535183819848,9.210983677514527,0.21241483885921533,8.823425683229555,9.600713675797056
3.1,F,alp,8.872980049829922,8.880147466452168,0.2006386421852522,8.507937367952797,9.247807905305452
3.6,F,alp,8.52142641515636,8.528230373482472,0.19331838412934046,8.13813456898184,8.847006735791195
4.1,F,alp,8.159785189993901,8.163186413074698,0.1892460482776717,7.805176057173435,8.49423719374705
4.6,F,alp,7.794302907748676,7.796900337567058,0.1868111276826173,7.413935969296177,8.105596054339879
5.1,F,alp,7.432880907072384,7.438241926481169,0.18418888626999547,7.103908766386457,7.779080821464325
5.6,F,alp,7.087325099366986,7.09593430221871,0.179628159928957,6.738183693714675,7.39536186317884
6.1,F,alp,6.776731247796096,6.7863379356815,0.17243026804086944,6.458078921606443,7.066330097105001
6.6,F,alp,6.531569969486568,6.533203566473649,0.16568048166290245,6.243133068112946,6.860258460843635
7.1,F,alp,6.396750293461743,6.392415635084248,0.17016599143344774,6.087801122134666,6.729485947172344
7.6,F,alp,6.430291408062764,6.419008502292743,0.19994482780345516,6.081625660725993,6.837134179675912
8.1,F,alp,6.693335627255872,6.679101532833859,0.25431578953154205,6.216252310445587,7.20422779259079
8.6,F,alp,7.228896306039161,7.222391336712173,0.31503592643698514,6.572817999417025,7.789729720789459
9.1,F,alp,8.03222783272449,8.02476591946369,0.3611437977622339,7.354574058254086,8.721909168241206
9.6,F,alp,9.023770891622476,9.016648635755086,0.3823953500732041,8.357882394770417,9.779392687140986
10.1,F,alp,10.041400030578837,10.03403748793772,0.387453437066344,9.243126137423697,10.691559775221785
10.6,F,alp,10.86581078645036,10.859028124750989,0.39612450984151637,10.135364591318993,11.613189276625425
11.1,F,alp,11.278783033645105,11.262216531542109,0.41239475634678047,10.510162606247505,12.043712193604609
11.6,F,alp,11.134624808278023,11.120645606050871,0.4160517727364958,10.447582564862795,11.96098723180036
12.1,F,alp,10.412967035295551,10.409604652936626,0.3893210059385146,9.682183606743905,11.082253346450297
12.6,F,alp,9.22666105880356,9.228027576608119,0.33699172284469603,8.630752984298573,9.859649822572253
13.1,F,alp,7.7805631090959695,7.781603810503887,0.28072969661369734,7.273164272129798,8.277448893665756
13.6,F,alp,6.301858385522441,6.300439651366588,0.2372548040077422,5.895263307737393,6.77620943229632
14.1,F,alp,4.974387113146947,4.968592332788081,0.20348823011534473,4.638663392585886,5.395201686857405
14.6,F,alp,3.9021988372774477,3.8960864496067003,0.1684193086605154,3.636215949141826,4.265845199554531
15.1,F,alp,3.1086677631533903,3.1014810339654577,0.12957814601861467,2.868265513302714,3.3664171203255453
15.6,F,alp,2.560314115264325,2.554959771722536,0.09292833226774756,2.399927263068171,2.7475081155362817
16.1,F,alp,2.197888428629864,2.193590291435827,0.06579714640940751,2.0763251356312806,2.315558604268554
16.6,F,alp,1.9611559972388757,1.9606596889513794,0.05130257688675148,1.8628201670652635,2.05344102667903
17.1,F,alp,1.802140616480759,1.8003716253491686,0.04589118771159275,1.730148177269302,1.903410345920656
17.6,F,alp,1.6883696911213792,1.6885963520280973,0.043694321123864226,1.6088959048412868,1.7702846905927128
18.1,F,alp,1.6004522023590246,1.6008901102411475,0.041712367892580926,1.5206749466546665,1.6784135002001874
18.6,F,alp,1.5279024961184224,1.5278429027574323,0.039359168537404246,1.4482064391043272,1.6008323324274416
19.1,F,alp,1.4654363788620095,1.464667498409527,0.036797042389803365,1.388533221939942,1.532782435939497
19.6,F,alp,1.4104570637195566,1.4094995489667967,0.03423209116427414,1.3379136011733732,1.4722932981071717
20.1,F,alp,1.361622535849479,1.3600958241226366,0.03177511648102821,1.2972776995706006,1.4201272097916522
20.6,F,alp,1.3181330377955591,1.3160057161750522,0.02946404530636779,1.258914679472911,1.3728778453002752
21.1,F,alp,1.279415155109777,1.2778261420159378,0.02730161553252948,1.223361272626192,1.3286958199174264
21.6,F,alp,1.2449951387244658,1.2437992859707991,0.025278082707234688,1.1930799645112398,1.2909665363141494
22.1,F,alp,1.2144523191446623,1.212961036531481,0.023381278003447397,1.1659566877074494,1.2559913280840662
22.6,F,alp,1.1874029818797998,1.1860725435471802,0.02160015035425232,1.1454905427906295,1.2288842807438696
23.1,F,alp,1.1634947045950117,1.162346184050683,0.01992562288314009,1.1243477484914455,1.2015975617820687
23.6,F,alp,1.1424039126038874,1.1411459146966423,0.01835051091866786,1.1075347032418499,1.1791137314901987
24.1,F,alp,1.1238342825277883,1.1227703505284112,0.016869174722195193,1.092346823944845,1.1581579353076663
24.6,F,alp,1.1075153012141616,1.1064327448791689,0.015477138457448927,1.0742322243182054,1.1348533707799044
25.1,F,alp,1.0932008111108815,1.0921414892306949,0.014170748092726337,1.0631687313026636,1.118769264313252
25.6,F,alp,1.0806675213571146,1.079746066279855,0.01294688778632345,1.0565697013329531,1.1074396940643196
26.1,F,alp,1.0697135000252116,1.0689431010532364,0.01180275654784372,1.0452066718083919,1.0918155801520786
26.6,F,alp,1.060156668656576,1.0594896586489055,0.01073570059398906,1.0398909307051496,1.0823228004094676
27.1,F,alp,1.0518333184763913,1.0512217350582431,0.009743094382105915,1.0319323633952764,1.0701975907466197
27.6,F,alp,1.0445966644452958,1.044066768020138,0.008822262528306039,1.0267358055398463,1.061203566871952
28.1,F,alp,1.038315450060426,1.037839721514683,0.007970434898167766,1.0235571691779257,1.0548247270193016
28.6,F,alp,1.0328726128746397,1.032465450533019,0.007184727724279467,1.0199929475827267,1.048133696915494
29.1,F,alp,1.028164018118234,1.0277818702330324,0.006462144438316035,1.0167211239034586,1.0418419543158897
29.6,F,alp,1.0240972655794855,1.0237074721679993,0.005799590870687462,1.011391793499897,1.0336243206910667
30.1,F,alp,1.0205905730120042,1.0202388257113224,0.00519390049253059,1.0094098005208487,1.0291588289849491
30.6,F,alp,1.01757173776661,1.0172327577894356,0.004641866428586868,1.0078645347744113,1.0252947181853436
31.1,F,alp,1.0149771770711071,1.0146760071095413,0.004140278082366183,1.0065121585196135,1.0219385972822153
31.6,F,alp,1.0127510463790899,1.012460829974838,0.0036859614752414362,1.005233609798321,1.0190130514447642
32.1,F,alp,1.010844434456896,1.0105701881757538,0.003275823980267384,1.0042506422209847,1.0164608908915185
32.6,F,alp,1.009214633353373,1.0089561636897597,0.0029069063194645498,1.0035011818986206,1.0142931670061117
33.1,F,alp,1.0078244810799535,1.0075942526146888,0.0025764479389367486,1.0034517087124766,1.0129660264023541
33.6,F,alp,1.0066417746982474,1.0064333388963251,0.0022819767921863094,1.0029773342290043,1.0114070359580458
34.1,F,alp,1.0056387515506027,1.0054509328340602,0.002021441744441367,1.0018570772956505,1.009303899250658
34.6,F,alp,1.0047916365562295,1.0046060475391025,0.0017934150103910056,1.0017481932709873,1.0082725704677669
35.1,F,alp,1.0040802538123212,1.0038836714525603,0.0015973994372705117,1.001341793144419,1.007128274968051
35.6,F,alp,1.0034877011639223,1.0032905748498613,0.0014342664783558764,1.0010936307337608,1.0063105242878156
36.1,F,alp,1.0030000869118685,1.0027874392230944,0.0013067868647429395,1.000691050340559,1.0054650292863172
36.6,F,alp,1.0026063283818607,1.0023614683972886,0.0012200335826914382,1.0007207265803284,1.00505804992654
37.1,F,alp,1.0022980126368495,1.0020417944713211,0.0011811453092912475,1.0004433134875028,1.0045799813820218
37.6,F,alp,1.0020693201224973,1.001772336337257,0.001197914445252212,1.000363692902029,1.004298725047777
38.1,F,alp,1.0019170124169627,1.0015643072640188,0.0012765938951978181,1.0003638597006266,1.004156748960852
38.6,F,alp,1.0018404854143772,1.0013848561191314,0.0014206382725187414,1.0003056388931,1.0042775161849393
39.1,F,alp,1.0018418890813476,1.0012726998433563,0.0016315290418882284,1.000247427438934,1.0047089616148785
39.6,F,alp,1.0019263142323094,1.001238375516125,0.0019106797505584277,1.0002000366496813,1.005345536521157
40.1,F,alp,1.002102045383313,1.0012285250329847,0.0022608339545296357,1.0001631019532369,1.006280996861134
40.6,F,alp,1.0023808764430904,1.0013666184731174,0.0026864842702990104,1.0001357843305492,1.0074127787289726
41.1,F,alp,1.0027784825353416,1.0015385445458787,0.003193645124312795,1.0001181878814975,1.0088325405572929
41.6,F,alp,1.00331483635105,1.0018435634223088,0.0037893529871116643,1.0001116936034748,1.0105167787448377
42.1,F,alp,1.004014650841774,1.0023488544076002,0.004481072889568338,1.0001299458299118,1.012526433894907
42.6,F,alp,1.0049078215563771,1.003044798275062,0.005276052340063682,1.000105616887226,1.014875427064561
43.1,F,alp,1.006029831346081,1.0039074570490305,0.006180607881236971,1.0000547615624744,1.0177433232879511
43.6,F,alp,1.0074220675083458,1.0051635094494114,0.007199318495252472,1.0000564633611622,1.0209254865891033
44.1,F,alp,1.009131986924193,1.0067718063610216,0.008334108702595579,1.0000558936319905,1.0245652772427005
44.6,F,alp,1.0112130489067004,1.0087579437871992,0.009583222504337692,1.0000464477887543,1.0286847155414236
45.1,F,alp,1.013724319312143,1.0110817232977585,0.010940115072737717,1.0000411956117514,1.0332994688581367
45.6,F,alp,1.016729634549167,1.0142082999427704,0.012392323150498628,1.0000424589584236,1.0384171633985726
46.1,F,alp,1.0202962027600602,1.0178991953995844,0.013920419233161802,1.000055682567978,1.0441856170634087
46.6,F,alp,1.0244925147818786,1.0223483250753613,0.015497210287711631,1.0000922901197686,1.0504698339889034
47.1,F,alp,1.0293854435555807,1.0277981664295641,0.017087409201713893,1.00017464194389,1.0569982466136234
47.6,F,alp,1.0350364323385777,1.0339007572675385,0.018648083992083116,1.000937099691318,1.065481275138979
48.1,F,alp,1.0414967150135843,1.0403775519455283,0.020130269540856793,1.0016776944866495,1.073800995413432
48.6,F,alp,1.048801581987525,1.0485841353958005,0.021482196104399068,1.0114138918395899,1.0911913048648945
49.1,F,alp,1.0569638083326576,1.0574303200277495,0.022654621676345972,1.0149010214543992,1.0988294829610676
49.6,F,alp,1.0659665009082553,1.0665906544418515,0.02360869380307315,1.0216865048372656,1.1084081907957524
50.1,F,alp,1.0757557979180044,1.0771094739147,0.024326479643897548,1.0303907318737313,1.1208098339210988
50.6,F,alp,1.0862340591828543,1.0872023043265622,0.024823513206313336,1.0357997344002159,1.1296080221964075
51.1,F,alp,1.0972543965891097,1.097794021639358,0.025160935584006918,1.0527173200403193,1.1488227277235536
51.6,F,alp,1.1086175723033802,1.109339716573761,0.025451592132539145,1.0537808234282198,1.1511234935672345
52.1,F,alp,1.1200723796343124,1.1203132848964203,0.02585057082458168,1.0660668372425632,1.1646307770050908
52.6,F,alp,1.1313205484941908,1.1317021568797188,0.026520619927941323,1.0772853711247496,1.1764484537281112
53.1,F,alp,1.142026920416861,1.1421035221426874,0.027574646070687468,1.089938718118867,1.1943902909367101
53.6,F,alp,1.1518350849171954,1.1521879855692378,0.02902026891362665,1.0971555665722064,1.206559154290228
54.1,F,alp,1.1603878876590779,1.1606535090690686,0.030741867944541246,1.0977410444922808,1.213632989034656
54.6,F,alp,1.1673513178392998,1.166617964423074,0.032533257685203314,1.0999212924218276,1.2213727380966573
55.1,F,alp,1.1724394369811462,1.1725769383714568,0.03416119467756792,1.106068281425236,1.2319131432125563
55.6,F,alp,1.1754374407691317,1.1755130929172262,0.035430188937135294,1.1084604376111113,1.2387093924743287
56.1,F,alp,1.1762198420058416,1.1761474333949324,0.03622977577395194,1.1058369601500744,1.2394511935159453
56.6,F,alp,1.1747612257646871,1.1749249567069855,0.03655656843588896,1.103817218723046,1.240214575740048
57.1,F,alp,1.1711380159394749,1.1715782994380255,0.03650847578600768,1.1072624730103509,1.2429488510740463
57.6,F,alp,1.1655210186790654,1.1649765901281657,0.0362515606892995,1.092478609389491,1.226545095689251
58.1,F,alp,1.1581598863288098,1.1576911833452956,0.03596581275457795,1.0864307151202761,1.2196746144441968
58.6,F,alp,1.1493617729097967,1.1484744708861052,0.03578562073761277,1.080227088612318,1.2128251899910434
59.1,F,alp,1.1394670995426983,1.1381436375949785,0.03575822328561942,1.0737759747711229,1.205943050565209
59.6,F,alp,1.1288254220313605,1.127358964075981,0.035838256217015696,1.066367184293545,1.1975561051694288
60.1,F,alp,1.1177739494060799,1.115842322558339,0.03591694967248462,1.0600908248433487,1.1926955176292477
60.6,F,alp,1.1066204728822613,1.1047743656169517,0.03586621484598081,1.0449637531349345,1.1768285073565354
61.1,F,alp,1.095631550263719,1.0931129586192088,0.03557609509349736,1.030197653749971,1.159932556277039
61.6,F,alp,1.0850259532843385,1.08189074915867,0.03497529934485451,1.0210882217772699,1.1461092617740203
62.1,F,alp,1.074972759944154,1.0707389212794562,0.03403577236156318,1.0152637815159733,1.1340901010092805
62.6,F,alp,1.0655931125532103,1.0608629007626282,0.03276712331179511,1.0065326501090461,1.119596919507067
63.1,F,alp,1.0569645456327361,1.0517708245372517,0.031206643071041644,1.003129583262327,1.1080500446263037
63.6,F,alp,1.0491268534269875,1.0439604672284655,0.029408750259235734,1.0020147403907715,1.0978617512980424
64.1,F,alp,1.0420886388082562,1.0366729533172756,0.02743585301931398,1.0010260112819667,1.087734464307784
64.6,F,alp,1.035833897327192,1.0305346602817198,0.025351347901508635,1.0013784820994058,1.0794010951540127
65.1,F,alp,1.0303281958021941,1.0245629201966486,0.023214770905304716,1.0001264789382482,1.069636281758177
65.6,F,alp,1.0255241791817742,1.0198235165631497,0.021078794805872512,1.0000577563551942,1.0620468769966827
66.1,F,alp,1.0213662740420937,1.0154563463854498,0.01898767030294242,1.0000253672681498,1.0552449401767268
66.6,F,alp,1.017794553680168,1.0121148449293524,0.016976723742000408,1.0000107162981855,1.049303685897188
67.1,F,alp,1.014747794563349,1.0093432793610178,0.015072583433605237,1.0000043543474881,1.0433812010329089
67.6,F,alp,1.0121657940945075,1.007191239641576,0.013293874601992873,1.0000017018847571,1.0380496314902625
68.1,F,alp,1.0099910416726359,1.0055241948625089,0.011652184730659485,1.0000006399024557,1.0330242648569303
68.6,F,alp,1.0081698440110096,1.0040548812688623,0.010153152470153887,1.0000002315171777,1.0287457626786285
69.1,F,alp,1.006653005570366,1.0029991363931878,0.008797574883033595,1.0000000806484401,1.0247184716533722
69.6,F,alp,1.0053961588013836,1.002192634498639,0.007582461295364283,1.0000000270879927,1.0207987840786032
70.1,F,alp,1.0043598290108429,1.0016297123680216,0.006501988777479902,1.000000008803993,1.0175580228094423
70.6,F,alp,1.0035093068759404,1.0011888329653735,0.005548335150225178,1.0000000027939626,1.014740472611723
71.1,F,alp,1.002814389290489,1.0008555075343364,0.004712381005813491,1.0000000008853365,1.0120779734037917
71.6,F,alp,1.0022490373024613,1.000594382553663,0.003984283149909083,1.0000000002946843,1.0098252657438418
72.1,F,alp,1.0017909890238141,1.0004130650331513,0.0033539288420932653,1.0000000001126292,1.0081243101397384
72.6,F,alp,1.0014213559087666,1.0002851060533628,0.002811284063286163,1.0000000000537939,1.0064218046586912
73.1,F,alp,1.0011242228365456,1.0001983618315164,0.002346650605948571,1.000000000031891,1.0050652451597657
73.6,F,alp,1.0008862659756381,1.0001353684989847,0.00195084681518402,1.000000000021582,1.0040282408288783
74.1,F,alp,1.000696397326743,1.0000898858716778,0.0016153259111748195,1.0000000000113562,1.0032183118961326
74.6,F,alp,1.0005454409673942,1.00005919619937,0.0013322444390648591,1.0000000000052427,1.002585227465541
75.1,F,alp,1.000425843159601,1.000038499243939,0.0010944918170618233,1.0000000000030158,1.0020801734217573
75.6,F,alp,1.0003314164440225,1.0000247468551606,0.0008956903656577717,1.000000000001988,1.0016639355207462
76.1,F,alp,1.000257116458054,1.0000156950919563,0.0007301736965297915,1.000000000001392,1.001323151613072
76.6,F,alp,1.000198849331022,1.0000098138508506,0.0005929499632467722,1.000000000000996,1.001045969199561
77.1,F,alp,1.0001533070027002,1.0000059279080291,0.00047965524307603223,1.0000000000007174,1.0008219858652865
77.6,F,alp,1.0001178275796963,1.0000036978566775,0.0003865012319140578,1.0000000000005174,1.0006331014259053
78.1,F,alp,1.0000902778073124,1.000002252340041,0.0003102204890649975,1.0000000000003275,1.0004818657763943
78.6,F,alp,1.0000689548292623,1.0000013442483229,0.0002480116596506788,1.0000000000001301,1.0003587743413482
79.1,F,alp,1.0000525045863837,1.0000007854578548,0.00019748642310613989,1.0000000000000608,1.000262574938404
79.6,F,alp,1.0000398544326965,1.0000004473094952,0.00015661935837721946,1.0000000000000335,1.0001907827888081
80.1,F,alp,1.0000301577967776,1.00000025667439,0.00012370147023249846,1.0000000000000158,1.0001376192344622
80.6,F,alp,1.0000227489705609,1.000000147626372,9.729777488398193e-05,1.0000000000000089,1.0001005588978853
81.1,F,alp,1.0000171063540337,1.0000000834072993,7.620908382940906e-05,1.0000000000000049,1.0000738959276863
81.6,F,alp,1.0000128227150629,1.000000046896567,5.943793871086647e-05,1.0000000000000022,1.0000539610958306
82.1,F,alp,1.0000095812346017,1.0000000263623,4.615852335018723e-05,1.0000000000000013,1.000039156265986
82.6,F,alp,1.000007136296536,1.0000000146754124,3.5690299128187605e-05,1.0000000000000007,1.0000282346256257
83.1,F,alp,1.0000052981481447,1.0000000081599583,2.7475065091054224e-05,1.0000000000000004,1.0000198837683738
83.6,F,alp,1.000003920702283,1.000000004501044,2.105712490528086e-05,1.0000000000000004,1.0000143660527667
84.1,F,alp,1.0000028918774353,1.0000000024011855,1.6066241207150043e-05,1.0000000000000002,1.0000101926204061
84.6,F,alp,1.0000021259782113,1.000000001276895,1.2203067945737852e-05,1.0000000000000002,1.0000071665086845
85.1,F,alp,1.000001557709001,1.000000000674078,9.226768513134366e-06,1.0000000000000002,1.0000050071392206
0.1,M,alp,9.961097904296398,9.947923124757956,0.3048891797445388,9.38432752133299,10.504400416335319
0.6,M,alp,9.84855758546635,9.842428817191433,0.2834837185218908,9.317366425298028,10.356690703586393
1.1,M,alp,9.663675838854008,9.66038986434196,0.2580321014564196,9.164476342116636,10.115949661366233
1.6,M,alp,9.429445207441454,9.421138276454364,0.2337600147361361,8.958650316706935,9.837965553484757
2.1,M,alp,9.158044073380134,9.157533040405244,0.21300031551634824,8.714588781692743,9.51814006318661
2.6,M,alp,8.85822083252179,8.853442581142442,0.19690837731459207,8.483319586881809,9.221453392529828
3.1,M,alp,8.536999872689256,8.53506696208104,0.1857325200041222,8.143223437925545,8.845328668778976
3.6,M,alp,8.200366649806236,8.202622093314973,0.17893606759438177,7.862793912610944,8.525502763797382
4.1,M,alp,7.853662127179844,7.852279074196725,0.1754117919858845,7.5023855922110005,8.147970342627742
4.6,M,alp,7.501922483125265,7.502625744421721,0.17377391186062358,7.171973533788661,7.812263089672186
5.1,M,alp,7.150290565970355,7.152041647078786,0.17260449343879797,6.810753573600312,7.449579162572759
5.6,M,alp,6.804596355491897,6.805125274171997,0.17058833429551992,6.472850299251095,7.09995530588923
6.1,M,alp,6.472181801062223,6.471971302085385,0.16659554204788068,6.170075365720589,6.781384734219857
6.6,M,alp,6.162993255043362,6.163848060797321,0.15987131019283832,5.885369780081614,6.471149055388368
7.1,M,alp,5.890852750007483,5.888421831055389,0.15056857026346843,5.639596643318557,6.193037952936273
7.6,M,alp,5.674632562405363,5.673832253510707,0.14087386702109944,5.439926050919855,5.958926999560871
8.1,M,alp,5.538815917145018,5.540563104986414,0.1364038738263167,5.293322223355278,5.793654570529319
8.6,M,alp,5.512707862830951,5.503899295409225,0.14502722470490506,5.261853472710127,5.777002425091298
9.1,M,alp,5.627504428299877,5.618161269394289,0.16993229460915363,5.330254461329025,5.943980490195352
9.6,M,alp,5.910702970706888,5.901715150954942,0.20523795951959295,5.553080677221137,6.308669705921222
10.1,M,alp,6.378051986857576,6.369047929080358,0.24066100355017997,5.928851266105547,6.8254028670633256
10.6,M,alp,7.024331817378536,7.023874635555147,0.2669811040637316,6.53262914101936,7.531807567843511
11.1,M,alp,7.815412441104442,7.810423589135967,0.27950012847809397,7.324572643292483,8.38319051279357
11.6,M,alp,8.684716654436079,8.6906300424588,0.28082661679961,8.19162377279948,9.238712011113584
12.1,M,alp,9.536872398942613,9.53912725297738,0.2813359224157316,9.029584440646858,10.087897254159621
12.6,M,alp,10.259706136099158,10.271641290486977,0.29275802493215564,9.655354928472741,10.75726906239937
13.1,M,alp,10.743111958129843,10.748913015933638,0.3163022078996557,10.151403911217947,11.305933552617573
13.6,M,alp,10.900621891291582,10.902418289953616,0.3403708622238977,10.205631218524225,11.489865954051988
14.1,M,alp,10.68787110774745,10.68449281510819,0.3510733059104594,10.04492648675849,11.369633927608616
14.6,M,alp,10.112485186275393,10.105956500901389,0.34131434996658905,9.509608503527307,10.786950409215429
15.1,M,alp,9.232310752732106,9.217139697179196,0.3130791774711636,8.641777506976744,9.821166155385322
15.6,M,alp,8.142525173510256,8.140308627693436,0.275069373658872,7.6124191558982455,8.626945548455947
16.1,M,alp,6.955570602082468,6.955255318114054,0.23763807090823266,6.508684133600746,7.364184851086442
16.6,M,alp,5.779732248366126,5.785571774332761,0.20699097285575435,5.352434999136642,6.105001850258763
17.1,M,alp,4.70191223596898,4.6974893405045215,0.1824473028263193,4.34346774098829,4.993642458299352
17.6,M,alp,3.7780835150064163,3.7696597937728513,0.15952996496101002,3.451808788669858,4.032971630127226
18.1,M,alp,3.0320764936170264,3.025723711235708,0.13505316671259257,2.7657005266078776,3.267348079963304
18.6,M,alp,2.4609137355491946,2.45802269684555,0.10903459359439696,2.2600558961659662,2.6679219009138717
19.1,M,alp,2.043625435283507,2.038064239201054,0.0836186703118748,1.8880416939053004,2.201447698836101
19.6,M,alp,1.7504820636116878,1.7483855741544407,0.06136998160040793,1.643433684273606,1.8754687604213043
20.1,M,alp,1.5504856034720451,1.5494396538773816,0.04415178579631957,1.4735675630130962,1.63780298843714
20.6,M,alp,1.4161747250268046,1.4162570066955724,0.03264316205336179,1.357728225113773,1.4779594170375177
21.1,M,alp,1.325824081348508,1.3255093728605996,0.026152966264280528,1.2790226455909959,1.3754991228764386
21.6,M,alp,1.2637079911338038,1.2634023277820365,0.02290410266105203,1.2231086515241285,1.3075143999216687
22.1,M,alp,1.2192553064204996,1.218364900972667,0.021105603277067567,1.1806318251184307,1.2591456595982016
22.6,M,alp,1.185790210979225,1.1844560274945666,0.019736784285498625,1.1510121915218812,1.2263570557146846
23.1,M,alp,1.1593060967075173,1.1580193038243674,0.018431440915382843,1.126188829749546,1.1975695309286956
23.6,M,alp,1.1374835978045965,1.136458472364875,0.017120455231631075,1.101515100502264,1.168197890782184
24.1,M,alp,1.1189991682397071,1.1181721341545097,0.015821593286732234,1.0860695521602803,1.147646248114839
24.6,M,alp,1.103084114826406,1.1024037477796682,0.014561855635143416,1.0723381483476635,1.12904154903212
25.1,M,alp,1.0892655725913358,1.088640037468065,0.013359005925843206,1.0615708092373086,1.1131600626723903
25.6,M,alp,1.0772247764082585,1.0765952796183038,0.012221727078544088,1.0522634044662351,1.0996430506522337
26.1,M,alp,1.0667241268148413,1.0659885186759794,0.011153116495431352,1.0434868808094189,1.0865136142747869
26.6,M,alp,1.0575714925217743,1.0568948596613026,0.010153392535202968,1.0364333292554204,1.0751948883014724
27.1,M,alp,1.0496032935974058,1.0490123191625187,0.009221397694546633,1.0304528007061358,1.0656131850970323
27.6,M,alp,1.04267647828382,1.0421451295627806,0.00835530795828162,1.0253827409667378,1.0573823415029868
28.1,M,alp,1.0366644860296317,1.0361548454004996,0.007552935512549261,1.020916851478561,1.050127614368035
28.6,M,alp,1.031454922863777,1.0310147997634376,0.006811853342434969,1.0171879369383607,1.043741071034074
29.1,M,alp,1.026947960419026,1.0265316192859093,0.006129452349435894,1.0154309261959222,1.0392299879717388
29.6,M,alp,1.023055053702816,1.0226699473274374,0.005502977558260411,1.0136834430347088,1.034932418608611
30.1,M,alp,1.0196978208907992,1.0193434791914413,0.00492956025124731,1.008963910799588,1.0278907650249618
30.6,M,alp,1.0168070273876828,1.0164729675945239,0.004406250613335497,1.0073879673531045,1.0242547966995543
31.1,M,alp,1.0143216533343424,1.014016173590067,0.003930051035364021,1.0058142065499236,1.0208508100720175
31.6,M,alp,1.0121880364740903,1.0119059999104585,0.0034979489575811045,1.0046945353699535,1.01799647240058
32.1,M,alp,1.0103590861759775,1.0101191328487436,0.003106948028080495,1.003816661153998,1.0155147966503502
32.6,M,alp,1.0087935653005722,1.0085761979594254,0.002754096603562288,1.0030956840383995,1.0133789826351254
33.1,M,alp,1.0074554365811113,1.00726519642657,0.0024365129394948444,1.0025475501925551,1.0115342266910585
33.6,M,alp,1.006313269984436,1.006136918454358,0.0021514067069268233,1.0020609083618772,1.009933106328038
34.1,M,alp,1.0053397073269958,1.0051687543282357,0.001896096708714886,1.0016482243735894,1.0085450879444064
34.6,M,alp,1.0045109803052925,1.0043504380544217,0.0016680248478410614,1.0011855498019495,1.007209138768253
35.1,M,alp,1.0038064780617282,1.0036552966237515,0.0014647665311954031,1.0009862221948553,1.0062186151246764
35.6,M,alp,1.0032083604360043,1.003069697909889,0.0012840377817117951,1.000783833487961,1.0053188580900834
36.1,M,alp,1.0027012131367703,1.0025783020163956,0.0011236993878453593,1.000603431049357,1.0045442974961287
36.6,M,alp,1.0022717411959037,1.0021608416941592,0.0009817584490336064,1.0004795866524874,1.0038882299685523
37.1,M,alp,1.0019084972282528,1.0018031248994985,0.0008563676850257738,1.000380289736477,1.0033236951842548
37.6,M,alp,1.0016016412033921,1.00150489829138,0.000745822870908087,1.0003008665517656,1.0028382956019504
38.1,M,alp,1.0013427286352552,1.0012539071250193,0.000648558742557045,1.0002374918123356,1.0024213875964507
38.6,M,alp,1.0011245243038183,1.0010443802369036,0.0005631436926112907,1.000187043398255,1.002050241010676
39.1,M,alp,1.000940838834864,1.0008678882864237,0.0004882735476767613,1.000146443028327,1.0017442093240723
39.6,M,alp,1.0007863856749752,1.0007186737201357,0.00042276468559314135,1.0001134675612986,1.0014846017146724
40.1,M,alp,1.000656656205733,1.0005953265438174,0.0003655467189077923,1.0000875436020928,1.0012649264170688
40.6,M,alp,1.0005478109410773,1.0004916379003645,0.00031565493851642236,1.0000673632007893,1.0010767896692614
41.1,M,alp,1.0004565849427334,1.0004074733971613,0.0002722226806696919,1.000053190062451,1.000915818614998
41.6,M,alp,1.0003802057694398,1.000337179288617,0.00023447375185471893,1.00003957004424,1.0007750377818256
42.1,M,alp,1.0003163224451075,1.0002786658509695,0.00020171501984360228,1.0000302076647647,1.0006561373833605
42.6,M,alp,1.0002629440887987,1.000229898069993,0.00017332925567979524,1.0000229997746037,1.0005549603328292
43.1,M,alp,1.000218386995185,1.0001897214316138,0.00014876829061977417,1.0000174657917325,1.0004689503653248
43.6,M,alp,1.0001812290879848,1.0001558435879012,0.0001275465340310289,1.0000132285934933,1.0003959059900145
44.1,M,alp,1.0001502707911607,1.000127977156552,0.00010923488285384585,1.0000099931442161,1.0003330102315515
44.6,M,alp,1.000124501473709,1.000104902902991,9.345504029721098e-05,1.0000075293258053,1.000278963584018
45.1,M,alp,1.0001030707242098,1.0000856957171682,7.987425075708566e-05,1.0000056581936398,1.0002341215987511
45.6,M,alp,1.0000852638017266,1.0000699243866387,6.820044929616014e-05,1.0000047294848575,1.000197120391059
46.1,M,alp,1.0000704806905036,1.0000571503381526,5.817781718037029e-05,1.0000031705437287,1.0001651434499825
46.6,M,alp,1.0000582182582325,1.000046705038978,4.958272970259832e-05,1.0000023641361375,1.0001386059907262
47.1,M,alp,1.000048055081887,1.0000379955301502,4.2220078619851934e-05,1.0000017582799183,1.000116230753539
47.6,M,alp,1.0000396385619985,1.0000309253717445,3.5919948782497655e-05,1.000001304315136,1.0000973824454895
48.1,M,alp,1.0000326739966356,1.0000250936588415,3.0534626755450907e-05,1.0000009650686148,1.0000815197807613
48.6,M,alp,1.0000269153304675,1.0000203294354748,2.5935918248612375e-05,1.0000007122248455,1.0000681820620283
49.1,M,alp,1.0000221573332557,1.000016442122181,2.2012750839130178e-05,1.0000005242777423,1.000056977596707
49.6,M,alp,1.0000182289960216,1.0000132745001555,1.8669038643763655e-05,1.0000003849401158,1.0000475737101506
50.1,M,alp,1.000014987962854,1.0000107187186074,1.5821786173397853e-05,1.0000002819125626,1.0000396881466482
50.6,M,alp,1.0000123158421037,1.0000086474095866,1.3399409472278174e-05,1.0000002059336037,1.0000330816747194
51.1,M,alp,1.0000101142631663,1.0000069617201812,1.134025372965961e-05,1.000000150049153,1.0000275517359658
51.6,M,alp,1.0000083015644154,1.0000056003254474,9.591287781076665e-06,1.0000001090524426,1.0000229269969196
52.1,M,alp,1.0000068100146733,1.000004505213367,8.106957233497162e-06,1.00000007905598,1.0000190626811776
52.6,M,alp,1.0000055834850472,1.0000036168012958,6.8481793073180375e-06,1.0000000571654297,1.0000158365748713
53.1,M,alp,1.0000045755003664,1.0000028992833438,5.781463851891037e-06,1.0000000412319192,1.0000131456123933
53.6,M,alp,1.000003747610208,1.0000023271457998,4.878146331780051e-06,1.0000000296644875,1.000010902961513
54.1,M,alp,1.0000030680285485,1.00000186445192,4.113719877632349e-06,1.0000000212885092,1.0000090355377198
54.6,M,alp,1.0000025104990178,1.0000014880653352,3.4672547320418455e-06,1.0000000152391448,1.000007481887021
55.1,M,alp,1.0000020533492702,1.000001188794251,2.9208945871779762e-06,1.0000000108813987,1.000006190384615
55.6,M,alp,1.0000016787038104,1.0000009489164214,2.459420401239708e-06,1.0000000077503166,1.0000051177040363
56.1,M,alp,1.0000013718293295,1.000000756686599,2.06987328963072e-06,1.000000005506385,1.0000042275176022
56.6,M,alp,1.0000011205908117,1.0000006020771344,1.7412290158471408e-06,1.0000000039023644,1.000003489394424
57.1,M,alp,1.0000009150000588,1.000000478470807,1.4641174546230557e-06,1.0000000027587035,1.0000028778669645
57.6,M,alp,1.0000007468412908,1.0000003808838,1.2305811709429459e-06,1.0000000019453594,1.0000023716412147
58.1,M,alp,1.0000006093609421,1.0000003025351245,1.0338679540511544e-06,1.0000000013684032,1.0000019529291027
58.6,M,alp,1.0000004970108562,1.0000002397703889,8.682527720242333e-07,1.0000000009601726,1.0000016068848179
59.1,M,alp,1.0000004052358775,1.000000189999848,7.288851724048523e-07,1.0000000006720589,1.0000013211293692
59.6,M,alp,1.000000330298309,1.0000001501038525,6.116586544658656e-07,1.0000000004692344,1.000001085349984
60.1,M,alp,1.0000002691329475,1.0000001183493912,5.130989821825075e-07,1.0000000003268121,1.0000008909629132
60.6,M,alp,1.000000219227458,1.0000000932056365,4.3026880023863066e-07,1.0000000002270568,1.0000007308298935
61.1,M,alp,1.0000001785237558,1.0000000735034844,3.606862620007177e-07,1.0000000001573621,1.0000005990199736
61.6,M,alp,1.0000001453367287,1.0000000578709043,3.0225568338169366e-07,1.0000000001087919,1.0000004906096422
62.1,M,alp,1.000000118287339,1.0000000454050053,2.5320850451084356e-07,1.0000000000750284,1.0000004015152675
62.6,M,alp,1.0000000962475732,1.000000035515803,2.1205307493011746e-07,1.0000000000516165,1.0000003283527612
63.1,M,alp,1.0000000782951708,1.000000027747967,1.7753198285278196e-07,1.0000000000354232,1.0000002683201596
63.6,M,alp,1.000000063676432,1.0000000216537956,1.4858582679093158e-07,1.0000000000242508,1.0000002190994757
64.1,M,alp,1.000000051775685,1.0000000168784249,1.243224827341269e-07,1.0000000000165614,1.0000001787747341
64.6,M,alp,1.0000000420902069,1.0000000131594784,1.039910542370312e-07,1.0000000000112828,1.0000001457635912
65.1,M,alp,1.0000000342096733,1.0000000102759827,8.695980876617519e-08,1.0000000000076679,1.0000001187603382
65.6,M,alp,1.000000027799305,1.0000000080156721,7.269750408333366e-08,1.0000000000051985,1.000000096688441
66.1,M,alp,1.0000000225860584,1.0000000062458292,6.075759489099797e-08,1.0000000000035156,1.0000000786611893
66.6,M,alp,1.0000000183473239,1.0000000048615583,5.0764884527011434e-08,1.000000000002372,1.0000000639524733
67.1,M,alp,1.0000000149016695,1.000000003780052,4.240425035817275e-08,1.0000000000015965,1.0000000519559378
67.6,M,alp,1.0000000121012713,1.0000000029365734,3.541112667433007e-08,1.0000000000010718,1.0000000421789044
68.1,M,alp,1.0000000098257307,1.000000002277766,2.956347572902559e-08,1.0000000000007179,1.0000000342167619
68.6,M,alp,1.000000007977014,1.0000000017648998,2.4675018165069275e-08,1.0000000000004796,1.0000000277374963
69.1,M,alp,1.000000006475318,1.000000001366077,2.058952830130403e-08,1.0000000000003197,1.000000022468887
69.6,M,alp,1.0000000052557005,1.000000001056273,1.7176029219598993e-08,1.0000000000002127,1.0000000181879192
70.1,M,alp,1.0000000042653259,1.000000000815877,1.432474784051742e-08,1.000000000000141,1.0000000147120374
70.6,M,alp,1.000000003461223,1.000000000630159,1.1943711208854662e-08,1.0000000000000933,1.0000000118919246
71.1,M,alp,1.0000000028084426,1.0000000004864376,9.955883803676126e-09,1.0000000000000617,1.0000000096055481
71.6,M,alp,1.0000000022785738,1.0000000003751128,8.296760839254028e-09,1.0000000000000406,1.0000000077532536
72.1,M,alp,1.000000001848523,1.0000000002889717,6.91234574199204e-09,1.0000000000000266,1.0000000062537253
72.6,M,alp,1.0000000014995285,1.000000000222387,5.757451266713218e-09,1.0000000000000175,1.0000000050406637
73.1,M,alp,1.0000000012163388,1.0000000001711142,4.7942727957311275e-09,1.0000000000000115,1.0000000040600545
73.6,M,alp,1.0000000009865666,1.0000000001317055,3.991190966964827e-09,1.0000000000000073,1.0000000032679266
74.1,M,alp,1.0000000008001544,1.0000000001010616,3.321766758987603e-09,1.0000000000000049,1.0000000026285132
74.6,M,alp,1.0000000006489318,1.0000000000774567,2.763898752532325e-09,1.000000000000003,1.0000000021127868
75.1,M,alp,1.0000000005262641,1.0000000000593081,2.2991163117022733e-09,1.000000000000002,1.000000001697167
75.6,M,alp,1.0000000004267657,1.000000000045306,1.911987191704782e-09,1.0000000000000013,1.000000001362131
76.1,M,alp,1.0000000003460647,1.0000000000346352,1.5896210263247834e-09,1.0000000000000009,1.0000000010925898
76.6,M,alp,1.000000000280616,1.0000000000264517,1.3212534410289144e-09,1.0000000000000004,1.0000000008757859
77.1,M,alp,1.0000000002275384,1.000000000020182,1.0978977064991988e-09,1.0000000000000004,1.0000000007016288
77.6,M,alp,1.000000000184495,1.0000000000153357,9.120530933024745e-10,1.0000000000000002,1.0000000005618919
78.1,M,alp,1.0000000001495906,1.0000000000116347,7.574607255316172e-10,1.0000000000000002,1.000000000449534
78.6,M,alp,1.0000000001212865,1.0000000000088107,6.288993248113976e-10,1.0000000000000002,1.0000000003594034
79.1,M,alp,1.0000000000983376,1.0000000000066656,5.220142868417065e-10,1.0,1.0000000002871532
79.6,M,alp,1.0000000000797276,1.0000000000050373,4.331747610821517e-10,1.0,1.0000000002292753
80.1,M,alp,1.0000000000646396,1.0000000000038116,3.5935411951211487e-10,1.0,1.0000000001829423
80.6,M,alp,1.0000000000524072,1.000000000002883,2.980300898562462e-10,1.0,1.0000000001458762
81.1,M,alp,1.000000000042488,1.000000000002174,2.4710118437006015e-10,1.0,1.0000000001162441
81.6,M,alp,1.0000000000344456,1.0000000000016378,2.048170314093435e-10,1.0,1.0000000000925706
82.1,M,alp,1.000000000027927,1.0000000000012323,1.6972002373432944e-10,1.0,1.0000000000736702
82.6,M,alp,1.00000000002264,1.0000000000009266,1.4059672091329296e-10,1.0,1.000000000058591
83.1,M,alp,1.0000000000183542,1.000000000000696,1.1643718718570561e-10,1.0,1.000000000046559
83.6,M,alp,1.0000000000148808,1.0000000000005222,9.640109460700288e-11,1.0,1.0000000000368903
84.1,M,alp,1.0000000000120637,1.0000000000003915,7.978942244049333e-11,1.0,1.000000000029276
84.6,M,alp,1.0000000000097804,1.000000000000293,6.602085392088802e-11,1.0,1.000000000023218
85.1,M,alp,1.000000000007929,1.0000000000002194,5.4612101272815356e-11,1.0,1.000000000018402
0.1,F,hp,10.07412586222325,10.082398659514825,0.3746319473640012,9.338989664235049,10.740512085189794
0.6,F,hp,9.960026659781139,9.968297312278935,0.35190441881409873,9.257979858192938,10.589444577561867
1.1,F,hp,9.772635495451839,9.782593343946665,0.32388473288485753,9.175170854831238,10.40677573791433
1.6,F,hp,9.535259886308653,9.536675675113148,0.29577019266743015,8.977862414558066,10.08831355347574
2.1,F,hp,9.260236235547087,9.258513379897103,0.2698196246961451,8.73571757481158,9.728080988427626
2.6,F,hp,8.95641379864451,8.947222312431215,0.24723373775854307,8.481918909683282,9.387205742103347
3.1,F,hp,8.630878317757507,8.619226490003857,0.22853658772845326,8.209717007786985,9.04025616953664
3.6,F,hp,8.289642540633116,8.275325607011817,0.21371193051398724,7.907722519217088,8.690696564536685
4.1,F,hp,7.93805823122242,7.924481479029776,0.20229230930653727,7.576327885970796,8.327815253703209
4.6,F,hp,7.581222828664556,7.567645840296425,0.19344840527303814,7.21969966074986,7.9459363079506495
5.1,F,hp,7.224569646408798,7.2163620864496565,0.18607125629826765,6.869167371382737,7.576723690163899
5.6,F,hp,6.874812454017829,6.869697495597027,0.1788497542289626,6.5146586030908535,7.195515669728532
6.1,F,hp,6.541334582727724,6.538673611891893,0.1704394543724856,6.201604111616522,6.849517891720976
6.6,F,hp,6.237850004035709,6.234545590209873,0.15996574236561864,5.93729993403435,6.5391459496343165
7.1,F,hp,5.983645296522299,5.97903100258487,0.14816983438265283,5.713881588619805,6.26593412387749
7.6,F,hp,5.803049965964695,5.801875714095032,0.13906937276071718,5.563223499691446,6.067141311990666
8.1,F,hp,5.721426595432502,5.719787381653324,0.14002844529299524,5.483351781595773,5.989528911769569
8.6,F,hp,5.756644330226695,5.756264835200359,0.1565049756698157,5.46566025115115,6.038605748922923
9.1,F,hp,5.907206494159162,5.911167971080805,0.1867587876766191,5.565444746762401,6.230765273021321
9.6,F,hp,6.141434941022465,6.144509417697938,0.2255922659598469,5.717137504903765,6.553460705477827
10.1,F,hp,6.394417310688698,6.410020195464541,0.26819509529153623,5.9161575773004795,6.911190510462409
10.6,F,hp,6.57824941076558,6.597268516597239,0.3079642363861672,6.009861239598911,7.1535822659004
11.1,F,hp,6.605443176689631,6.612422525601694,0.3347742702966557,6.003998633263037,7.2186386880743205
11.6,F,hp,6.417586203942109,6.410205051476571,0.33861446199269424,5.773931390282413,7.027920398037984
12.1,F,hp,6.006492471022008,5.989993874632381,0.315691769839092,5.4346542382437955,6.602303945549463
12.6,F,hp,5.417338721368793,5.396217801641707,0.27131014714848045,4.894636702619159,5.908892554649264
13.1,F,hp,4.732117836784552,4.717343418321613,0.21713082546397958,4.293896735987682,5.110720454318082
13.6,F,hp,4.041700376497095,4.032637713448082,0.16498268835213697,3.726069810792942,4.341051486371978
14.1,F,hp,3.4195159014916907,3.4110218982534315,0.12179144188846028,3.1865016199253438,3.643021752342116
14.6,F,hp,2.9069574718868556,2.899689730643072,0.08908369588364298,2.7307911831841025,3.0586566613524853
15.1,F,hp,2.513040450380974,2.5101660210070538,0.066145706508541,2.393708748772595,2.6299932933979724
15.6,F,hp,2.2239623119482936,2.222972891243049,0.052262460084389256,2.1227366203054894,2.308242676206478
16.1,F,hp,2.015572832759998,2.0127242411990984,0.04574786026551097,1.9414910284012379,2.107331313412989
16.6,F,hp,1.8633192695370833,1.862089017336226,0.04324247989335678,1.792751093225307,1.9475892644795771
17.1,F,hp,1.7475651313359906,1.7458159156221449,0.04179202057271173,1.6742583404290978,1.8244777707294861
17.6,F,hp,1.6548990968495134,1.6540932383170412,0.040123351522808215,1.5799632188268886,1.7258796162043044
18.1,F,hp,1.5771693251922358,1.5759670886724941,0.03806605525450465,1.5048888722869675,1.6474596747659604
18.6,F,hp,1.5098118378307641,1.5085350570243865,0.03580006673071558,1.4502144924258908,1.582523123555884
19.1,F,hp,1.4503664190574115,1.4487386457573652,0.03350703934877215,1.395036052357507,1.5203233666905411
19.6,F,hp,1.3974686870726403,1.3964396290586545,0.03128930398756552,1.3419758838831282,1.4601509359196636
20.1,F,hp,1.3502755190511138,1.3492200502374958,0.029185770245042014,1.2978335956423759,1.4094482743587764
20.6,F,hp,1.3081792342087661,1.3071256756866092,0.027202046682208665,1.2583335465043923,1.3623354055490546
21.1,F,hp,1.2706808335323858,1.2695716057773738,0.02533084476151889,1.225734981031705,1.3223505668039037
21.6,F,hp,1.2373390796615873,1.2360633324239059,0.02356198764451558,1.192449671201041,1.2813462897850123
22.1,F,hp,1.2077515889754031,1.206710064792613,0.02188627042755571,1.1651527029888684,1.2477293313071685
22.6,F,hp,1.1815480061726897,1.180670683192504,0.020296495384928313,1.1449750706234645,1.222231041717705
23.1,F,hp,1.1583872423240882,1.1577754878400317,0.018787426268420705,1.1244046065171232,1.195156883166645
23.6,F,hp,1.137955888493235,1.137600070100714,0.01735541037816396,1.1027590868032242,1.1686741018193159
24.1,F,hp,1.1199668771380302,1.119591380659717,0.015997948993292373,1.0879989927413953,1.1495890511988833
24.6,F,hp,1.1041581366260744,1.1037223650729764,0.014713309757311771,1.0744785912899377,1.1315122923375396
25.1,F,hp,1.0902911925844443,1.0897938180515039,0.01350020696551804,1.0654325491709793,1.1175355463632564
25.6,F,hp,1.0781497266367028,1.0776989944299746,0.01235755223796294,1.0543809029334603,1.1018692841411655
26.1,F,hp,1.0675381149296679,1.0672093227434556,0.011284269846635895,1.0462648636536298,1.0895482261414682
26.6,F,hp,1.0582799686027018,1.0579460114880908,0.01027916810394633,1.0387060580616316,1.0779610254318202
27.1,F,hp,1.0502166953023808,1.0498935174095503,0.009340857480356375,1.0328287623138268,1.0685822889180039
27.6,F,hp,1.043206097423043,1.0429472674145472,0.008467706371682539,1.026563516379318,1.0589242288836562
28.1,F,hp,1.037121019545078,1.036856329469623,0.007657826196704794,1.022169055668793,1.0514514128534336
28.6,F,hp,1.0318480546735551,1.0315269722075278,0.006909078514116322,1.0184588552500597,1.0448782663929155
29.1,F,hp,1.0272863163657744,1.0269486795086586,0.00621909794996161,1.014755913820046,1.0383681856221887
29.6,F,hp,1.023346281666391,1.022967500519723,0.005585325831870807,1.0122661692261086,1.0334169744040562
30.1,F,hp,1.019948707924602,1.0196075687586372,0.005005050489548786,1.009671106288257,1.0286333367209184
30.6,F,hp,1.0170236250270968,1.0167161460760892,0.004475451193688121,1.0079286276757975,1.0247112461654408
31.1,F,hp,1.0145094033205364,1.0142270059558345,0.003993643694019791,1.0065550447107021,1.0214174987778923
31.6,F,hp,1.012351896493981,1.0120708581150715,0.0035567263481909787,1.005425751642948,1.0186431179845417
32.1,F,hp,1.0105036579216056,1.0102515761344475,0.0031618270283419966,1.0044754095190487,1.0161858651296176
32.6,F,hp,1.008923228406118,1.0086869681659998,0.0028061525544299717,1.0036844556767177,1.0140518363543922
33.1,F,hp,1.0075744928911394,1.0073579427898722,0.002487044651746337,1.002933689243379,1.0120702547168747
33.6,F,hp,1.0064261035049396,1.006231944652355,0.0022020498296469546,1.002386706780961,1.0104203944643326
34.1,F,hp,1.0054509662374949,1.005259364977884,0.0019490156976914252,1.0019703582487502,1.0090134449611514
34.6,F,hp,1.0046257886169059,1.0044410225023803,0.0017262334151071212,1.0015700279107915,1.007752912289193
35.1,F,hp,1.0039306859186696,1.0037509556209208,0.0015326540711440278,1.0012698273229226,1.006771213217236
35.6,F,hp,1.0033488436890587,1.0031685176593101,0.0013682094754150051,1.0010255340912748,1.0059771701310523
36.1,F,hp,1.0028662346663029,1.0026745000059276,0.0012342448764243888,1.0008276310590636,1.0052920303957054
36.6,F,hp,1.0024713885100351,1.0022694879497807,0.0011339772080375028,1.0006629575885821,1.0047582740245835
37.1,F,hp,1.0021552130641276,1.0019255366448692,0.0010726789133528886,1.0004331206605233,1.004246501129529
37.6,F,hp,1.0019108661354728,1.0016675588289203,0.0010570622257803292,1.0003032317217022,1.0037752771361743
38.1,F,hp,1.0017336769161802,1.0014459934598965,0.0010936152289636849,1.0003400413688797,1.0036819014556506
38.6,F,hp,1.0016211161407549,1.0012679259075885,0.0011867913674506187,1.0002781625882533,1.0036511651971567
39.1,F,hp,1.0015728137714075,1.0011214966888486,0.0013386480691143848,1.000233377716537,1.0039746697165046
39.6,F,hp,1.0015906223462696,1.001055632305205,0.0015501699692796551,1.0001562223029725,1.0043163142237226
40.1,F,hp,1.0016787229967865,1.0010218391101597,0.0018229105616805804,1.00015549429523,1.0050772648772306
40.6,F,hp,1.001843769419317,1.001019097706694,0.0021598874510733996,1.000132434893709,1.0060326445081555
41.1,F,hp,1.0020950626456848,1.0011131419216839,0.0025657041138266046,1.000105468784301,1.0072891826151824
41.6,F,hp,1.002444746176182,1.0012380641942187,0.0030462668981130468,1.000083914421572,1.0087959521196237
42.1,F,hp,1.0029080068153957,1.0014907527333685,0.0036083637597867104,1.000103579848519,1.010550695922908
42.6,F,hp,1.0035032613272068,1.0018490893953502,0.004259207607395013,1.0000534570121187,1.0124590492935046
43.1,F,hp,1.0042523028119954,1.0023576496997846,0.005005958740631191,1.000043438256402,1.0148259950451866
43.6,F,hp,1.0051803736255343,1.0029885454750442,0.0058552117931482085,1.0000367118818694,1.017509512338522
44.1,F,hp,1.0063161239761995,1.0039899196701292,0.006812431766140112,1.0000337708405147,1.0208007868178046
44.6,F,hp,1.0076914075329697,1.0051544220124842,0.007881334606074198,1.0000359307522304,1.024096868986989
45.1,F,hp,1.0093408581956855,1.0065890334657568,0.009063224105060514,1.0000361144253553,1.0275442833883155
45.6,F,hp,1.0113011866968185,1.008297094592266,0.010356316725042313,1.0000307420170833,1.0313951201859086
46.1,F,hp,1.0136101333801668,1.0103597890862726,0.011755108293447919,1.0000288042196313,1.0363247456245575
46.6,F,hp,1.0163050162099654,1.0127867166067395,0.013249859761097504,1.0000323240130509,1.0414349383440968
47.1,F,hp,1.0194208230670443,1.015771578641661,0.014826300015349488,1.0000454995358496,1.0479208428472475
47.6,F,hp,1.022987817235824,1.0190067727021117,0.016465656232260567,1.0003607263944656,1.0546045939709667
48.1,F,hp,1.0270286572906149,1.0228157840480039,0.018145117691060315,1.000639162043635,1.0600977525397652
48.6,F,hp,1.0315550796467774,1.0273159872371629,0.01983880655692096,1.0011033580509348,1.0668496269074017
49.1,F,hp,1.0365642552256156,1.0325826550489687,0.021519258658159797,1.001844319313694,1.074618917406861
49.6,F,hp,1.0420350105450464,1.038347538063145,0.023159304018427487,1.0026133140329816,1.082628675931512
50.1,F,hp,1.0479241945730917,1.0442813737635497,0.02473408845440272,1.0038453367973674,1.090284268944556
50.6,F,hp,1.0541635677385472,1.0504539582595251,0.026222821795818155,1.0051772156112109,1.0978894738641887
51.1,F,hp,1.0606576743531677,1.0572078544512604,0.027609730466757524,1.0073775250998271,1.106943908648461
51.6,F,hp,1.0672832133658938,1.0636812148593764,0.02888371534826744,1.0094467680046972,1.1146979113245536
52.1,F,hp,1.0738904184063016,1.0706347935499374,0.03003646169984517,1.010728018591058,1.123482855529823
52.6,F,hp,1.0803068691291202,1.077098493564191,0.031059261443595308,1.0240101836521518,1.141566278559302
53.1,F,hp,1.0863439618609712,1.0833561348093073,0.03193950031781207,1.0307847477335665,1.1487284636696793
53.6,F,hp,1.091805966319734,1.0890279710298751,0.032658350458209195,1.0324058163850023,1.1518692107107407
54.1,F,hp,1.0965012123223898,1.0938923541906105,0.03319128799012187,1.0393176558908206,1.161653421072381
54.6,F,hp,1.1002545433716238,1.09768386877345,0.03351234127501559,1.0431948518076788,1.1671061834660468
55.1,F,hp,1.1029198259853188,1.100759056705955,0.03360157357575959,1.040387847990346,1.1660328214796387
55.6,F,hp,1.1043911055475475,1.1028023126344184,0.0334537480418803,1.041621312636126,1.1661136100390466
56.1,F,hp,1.1046110237325986,1.1029836517171476,0.0330851081446887,1.0428628643028703,1.165382291893054
56.6,F,hp,1.1035753868250735,1.102288964209822,0.03253523255195388,1.0444713341155956,1.1669285830526062
57.1,F,hp,1.1013332656653403,1.100226016321758,0.03186211989522813,1.0409313540938623,1.159970631498669
57.6,F,hp,1.0979826258555145,1.0972888557310678,0.031130811653718653,1.0388723933810748,1.1568702403636157
58.1,F,hp,1.0936621052022415,1.0926714921903682,0.030398421445432824,1.036157258573594,1.1524638162723424
58.6,F,hp,1.0885400476689349,1.0871931118592575,0.029700422936847777,1.037678668961747,1.1497815705672718
59.1,F,hp,1.0828021777080181,1.0814658976291125,0.029043191601231012,1.0350300457501131,1.1443275845412124
59.6,F,hp,1.0766393218407093,1.0739175728587491,0.028405439885421078,1.026376645182313,1.1327586857421823
60.1,F,hp,1.0702363829881123,1.06780771138486,0.02774735398939859,1.0193246968259624,1.1229295135236257
60.6,F,hp,1.063763420398222,1.0607629617698966,0.027023274625436213,1.0102123536695784,1.110084270798957
61.1,F,hp,1.0573692766203284,1.054071316629596,0.02619331849434795,1.0075485763505472,1.1035951081220152
61.6,F,hp,1.0511778080423335,1.0472666244885072,0.02523103201723138,1.0102517772233797,1.1024094576640502
62.1,F,hp,1.0452864760685627,1.0411285108702684,0.024126405820216114,1.0031032094460965,1.089094396405112
62.6,F,hp,1.0397668681007286,1.0352731360690868,0.022885122771548416,1.0020391955937162,1.0817933065717666
63.1,F,hp,1.034666637935586,1.0301690278378586,0.021525485384116496,1.000623703398896,1.0748458111314767
63.6,F,hp,1.0300123617879238,1.0254666422588343,0.020074373247451795,1.0007093854866091,1.0684054983482223
64.1,F,hp,1.0258128689986796,1.0214032880640183,0.018563204773830864,1.0002519881162402,1.0619946972481782
64.6,F,hp,1.022062697066563,1.0178824926214372,0.017024472110783784,1.000136642755312,1.0551085966566147
65.1,F,hp,1.0187454169116081,1.0147162093414452,0.015489094543202504,1.000064875598279,1.0490811161234477
65.6,F,hp,1.0158366622001036,1.0119032029557251,0.013984619555862351,1.0000296256941432,1.0438800737095983
66.1,F,hp,1.0133067691699487,1.009502784568265,0.012534178680628272,1.0000130122571662,1.038973920325867
66.6,F,hp,1.0111229888205804,1.0075686679020395,0.011156051738295246,1.0000054972170942,1.0339238477897676
67.1,F,hp,1.009251272720723,1.005906504104339,0.009863682877761386,1.0000022338729369,1.0293600291196756
67.6,F,hp,1.0076576595909124,1.0045127660386979,0.008666005144170626,1.0000008732539887,1.025370883270079
68.1,F,hp,1.0063093051400671,1.0034175566914587,0.007567953898085854,1.0000003284584884,1.0217042131361094
68.6,F,hp,1.0051752050826874,1.0025554349582015,0.006571075472497393,1.000000118928678,1.0180144425545188
69.1,F,hp,1.0042266631197987,1.0018539766587466,0.005674161995777663,1.0000000415000694,1.0151669039753852
69.6,F,hp,1.0034375537597133,1.0013568106298445,0.004873864569858654,1.000000013994242,1.0129102323144445
70.1,F,hp,1.0027844255952498,1.0010017483420919,0.0041652543972001055,1.0000000045908266,1.0106288885768107
70.6,F,hp,1.0022464851052115,1.0007240424001322,0.003542315009759474,1.0000000014892567,1.0088615088689254
71.1,F,hp,1.0018054949860162,1.0005145651099636,0.0029983587840428662,1.000000000496094,1.0073147255787367
71.6,F,hp,1.0014456149887458,1.0003652602036661,0.0025263679092189127,1.0000000001824927,1.0060046024375984
72.1,F,hp,1.0011532075946425,1.0002529116712566,0.0021192644697372908,1.0000000000811382,1.0050447221838146
72.6,F,hp,1.0009166258186477,1.0001743349830448,0.0017701168796176341,1.000000000044992,1.0041671647395507
73.1,F,hp,1.0007259960845623,1.000118252478424,0.0014722910881412954,1.0000000000292968,1.0033237617506092
73.6,F,hp,1.0005730054860562,1.0000789993876897,0.0012195552119533388,1.000000000012391,1.002616687069269
74.1,F,hp,1.0004506998013172,1.0000521537080571,0.0010061458873781156,1.000000000006375,1.0020504796563479
74.6,F,hp,1.0003532963007231,1.0000339863925731,0.0008268039364331739,1.0000000000039149,1.0016367534582669
75.1,F,hp,1.0002760135964408,1.0000226090552329,0.0006767860771136604,1.0000000000026552,1.0012985581953642
75.6,F,hp,1.000214919446498,1.0000145095696757,0.0005518584962243493,1.000000000001879,1.0010332420686088
76.1,F,hp,1.000166796462571,1.000009326251765,0.00044827720907449217,1.0000000000013503,1.000802543832569
76.6,F,hp,1.0001290250070667,1.000005903082915,0.0003627592922041262,1.000000000000975,1.0006251697496458
77.1,F,hp,1.0000994821361722,1.0000036962168881,0.0002924483118134243,1.000000000000704,1.0004741623590265
77.6,F,hp,1.0000764551964303,1.0000022750601825,0.00023487658978881088,1.0000000000002929,1.0003525489100864
78.1,F,hp,1.0000585685669958,1.00000139226709,0.0001879263532827305,1.000000000000131,1.0002732207856149
78.6,F,hp,1.0000447220208704,1.0000008439466908,0.00014979130151293918,1.0000000000000684,1.000210490021519
79.1,F,hp,1.0000340392260403,1.0000005040191229,0.00011893969153854562,1.0000000000000329,1.0001612028466373
79.6,F,hp,1.0000258249984526,1.000000295568471,9.407968845506268e-05,1.0000000000000178,1.0001227262087125
80.1,F,hp,1.0000195300353711,1.0000001713957976,7.412743868488263e-05,1.000000000000011,1.0000917301391337
80.6,F,hp,1.000014721986668,1.0000000998850154,5.8178100752380164e-05,1.000000000000007,1.000067923881139
81.1,F,hp,1.000011061853758,1.000000056342511,4.5479898336966314e-05,1.0000000000000042,1.000049123254305
81.6,F,hp,1.0000082848345584,1.0000000314201247,3.541113735665809e-05,1.0000000000000022,1.0000352387192346
82.1,F,hp,1.0000061848539463,1.0000000173306858,2.746004426033968e-05,1.0000000000000013,1.0000246931308006
82.6,F,hp,1.0000046021302693,1.0000000095050208,2.1207228923027567e-05,1.0000000000000009,1.000017178538895
83.1,F,hp,1.0000034132282412,1.0000000051561106,1.6310545576435488e-05,1.0000000000000004,1.0000118645238145
83.6,F,hp,1.0000025231367264,1.0000000027668274,1.2492112995061038e-05,1.0000000000000004,1.0000081352035985
84.1,F,hp,1.0000018589868638,1.0000000015188504,9.527255612927282e-06,1.0000000000000002,1.0000055378420505
84.6,F,hp,1.0000013650922361,1.0000000008266228,7.235136277131816e-06,1.0000000000000002,1.0000038415302084
85.1,F,hp,1.0000009990493006,1.0000000004302578,5.47086577390994e-06,1.0000000000000002,1.000002659880204
0.1,M,hp,10.628958081174845,10.626325483277569,0.3986114497862546,9.79690666969011,11.321028142092477
0.6,M,hp,10.507872265471017,10.508694177232346,0.37432436663247126,9.722088479915332,11.160837270730761
1.1,M,hp,10.309011503017505,10.31437578790041,0.3443534752234805,9.584685719551489,10.920374430117372
1.6,M,hp,10.057111456307712,10.064365790484985,0.3142432672559637,9.399700641329876,10.612214765681374
2.1,M,hp,9.765264975722108,9.770578749390301,0.28640881216407094,9.170513312463235,10.26341683293684
2.6,M,hp,9.442863116224254,9.439556392004524,0.2621438248577412,8.910656698518963,9.909004206157558
3.1,M,hp,9.097417130458675,9.10022896621087,0.2420286126344576,8.614659251944701,9.532601174762892
3.6,M,hp,8.73526603114601,8.732724100203686,0.22607908656066977,8.283868055058555,9.148760182659124
4.1,M,hp,8.361941171802213,8.359405271592344,0.21385566899738587,7.9530162282278365,8.754396449491198
4.6,M,hp,7.982418145077343,7.974863176444828,0.20459450914085206,7.596240391387144,8.357645849514299
5.1,M,hp,7.601357821082534,7.589952429676438,0.19735614970846527,7.232367347107029,7.963448641008556
5.6,M,hp,7.223398798541513,7.20928338039861,0.19115756291892338,6.864503971045738,7.5594631125914065
6.1,M,hp,6.853543390435058,6.8412979860810745,0.18506667397986035,6.517226436894142,7.200743208992896
6.6,M,hp,6.497651968966623,6.48657461579856,0.17827727737521812,6.211029990383818,6.864480036255785
7.1,M,hp,6.163009938223617,6.153827817310876,0.17021804565068727,5.870893006753217,6.494775599444441
7.6,M,hp,5.85885009106757,5.849335176272234,0.16076123422285665,5.591267842937651,6.181318359557589
8.1,M,hp,5.596608795268844,5.592962445269217,0.15056298707594176,5.340920226291868,5.890121887748884
8.6,M,hp,5.389600474794143,5.382883106519925,0.14143270598878202,5.15492093842772,5.6594617187193474
9.1,M,hp,5.251771255682299,5.243173369418407,0.13630227677221018,4.998613557411418,5.49598786843867
9.6,M,hp,5.19531125384388,5.195095061832482,0.13807923299201505,4.953923929430462,5.45743341294159
10.1,M,hp,5.2272125677192385,5.232030282321034,0.1476705712539358,4.9263206407353435,5.472872109644593
10.6,M,hp,5.345329199463278,5.347777228166889,0.1634586364396841,5.0178586582956815,5.615493613212829
11.1,M,hp,5.5349898190347036,5.538582893570087,0.18301764988470803,5.227072864610874,5.900296544769449
11.6,M,hp,5.767505248858408,5.764485477242308,0.2046611863497369,5.386647254969687,6.137780510743966
12.1,M,hp,6.001762609974666,6.0018398576729775,0.2272225089274384,5.572378724946125,6.408522263482338
12.6,M,hp,6.189396296555017,6.19505820557933,0.24876125432626245,5.673898974080459,6.5988146508901435
13.1,M,hp,6.2829028107133995,6.296589700591378,0.2658158057948799,5.770709063719169,6.7241448083508875
13.6,M,hp,6.244905633145619,6.258403797077772,0.27414431830231617,5.712928808520407,6.720997293616249
14.1,M,hp,6.056079001656571,6.063180351894449,0.27046620241732694,5.5459690683696525,6.538620398223672
14.6,M,hp,5.719385371335707,5.721659095324505,0.25401773948313255,5.2444590165294915,6.177064243990466
15.1,M,hp,5.259310168408239,5.253101014809255,0.22705974662965456,4.841052226383205,5.672744079116188
15.6,M,hp,4.716327891100366,4.719319729657167,0.19414546516700643,4.345556686394662,5.059977824905668
16.1,M,hp,4.138294613651647,4.138031290532262,0.16050843370133513,3.8517731389889733,4.447986581207434
16.6,M,hp,3.5712637695020377,3.569735932567502,0.13025842085570322,3.3129020767681676,3.7985358394707656
17.1,M,hp,3.0521050115162027,3.0501114025796756,0.10521684752021168,2.85026554498242,3.235813713913897
17.6,M,hp,2.6044185186890907,2.6020381635440133,0.08505865871223614,2.4461102441057476,2.7609239216651673
18.1,M,hp,2.238022692981347,2.2358878239728135,0.06858698263648207,2.125754467374331,2.3779742867113884
18.6,M,hp,1.951248621603249,1.9519377226315218,0.054984092825739864,1.8591603162481813,2.0631570214238124
19.1,M,hp,1.7347254541148838,1.7334607188462474,0.044138960464663576,1.6561883491145324,1.8161748141761611
19.6,M,hp,1.5753430257216103,1.5755643810298232,0.03620649581848724,1.509198325390754,1.6433069577712747
20.1,M,hp,1.4594664291824317,1.459366576371773,0.031014812951093502,1.405662461252907,1.5205850031608867
20.6,M,hp,1.3749978134416765,1.373640911608765,0.027857135641320967,1.3200543438920878,1.4225437030854455
21.1,M,hp,1.3123200584756036,1.311612689907677,0.025825784283660436,1.2629848957221028,1.3611808473679194
21.6,M,hp,1.2644099167794258,1.2639244624055417,0.024240794265151844,1.2189680760479178,1.3120020582016978
22.1,M,hp,1.2264752802997347,1.2255694062389169,0.022763768764101286,1.1852652663174574,1.2719948291692376
22.6,M,hp,1.1954145872875874,1.194313678022567,0.021287976885942545,1.1559149219889464,1.2379019565092442
23.1,M,hp,1.1692902044699067,1.1685300789591486,0.01980983387701438,1.1328587576727036,1.209392289264904
23.6,M,hp,1.1469063813811398,1.1461157626733227,0.018354033523956686,1.1136050901402978,1.184584982601185
24.1,M,hp,1.1275117328319295,1.1266989388641275,0.016943796380658998,1.0962755585419013,1.1621232418880088
24.6,M,hp,1.1106091031750782,1.1098940126449812,0.015593994274806029,1.079075068926843,1.139300286540263
25.1,M,hp,1.0958434576925504,1.0952809079988395,0.014312376499502575,1.0664257092276463,1.121248256472859
25.6,M,hp,1.0829400916708445,1.0822736760373615,0.013102230125830927,1.0561379475223371,1.1067064987799682
26.1,M,hp,1.0716723636102103,1.0710709088644466,0.011964398232187125,1.0471489726866243,1.0935075686340245
26.6,M,hp,1.0618454227416487,1.0612834838650032,0.010898436537281925,1.0409265744694056,1.08276560656753
27.1,M,hp,1.0532880191280196,1.0527742208030972,0.009903181122799417,1.034344400141744,1.0719684570568655
27.6,M,hp,1.045848159817522,1.045374015816417,0.008977001803910376,1.0290485599184014,1.0632878451180594
28.1,M,hp,1.0393905103339836,1.0390100542604672,0.008117913759717786,1.0242429863305822,1.0551564875018227
28.6,M,hp,1.0337945700632654,1.0334762378895812,0.0073236354113275755,1.0200206501389537,1.0478346065896407
29.1,M,hp,1.0289532007236624,1.028671623039281,0.006591630896437709,1.0167147918954729,1.0417196206663626
29.6,M,hp,1.0247713366900364,1.0244702483210597,0.0059191510479161685,1.0138143016777679,1.036257385511881
30.1,M,hp,1.0211648114998506,1.0208709178416369,0.005303276251313426,1.0114932258064375,1.0316358261038732
30.6,M,hp,1.018059276457864,1.017766847671101,0.004740960653751737,1.0094472888656947,1.0275060547711476
31.1,M,hp,1.0153892023248874,1.0151068655790678,0.004229076121764002,1.0081068750984081,1.024132940341668
31.6,M,hp,1.0130969598798012,1.012813359708165,0.003764454345765668,1.0067138685512336,1.0208700668836088
32.1,M,hp,1.0111319762730924,1.0108754735868717,0.003343925828789286,1.0055823624305664,1.0181390383700983
32.6,M,hp,1.0094499640485999,1.0092180838279246,0.0029643548945348943,1.003252560015906,1.014315295395536
33.1,M,hp,1.0080122193869503,1.0078090942428697,0.0026226702078608103,1.002618016091723,1.0123311691252541
33.6,M,hp,1.006784985808287,1.0066187136863982,0.0023158905935741245,1.0021019013266041,1.0106108497405282
34.1,M,hp,1.005738879343068,1.0055908872864454,0.002041146165966272,1.0016832519211263,1.0091209840367081
34.6,M,hp,1.0048483710487008,1.0047110979016556,0.0017956949491932247,1.0012732745434088,1.0077340931517556
35.1,M,hp,1.0040913227071337,1.0039621550124627,0.0015769352864563762,1.001018967039891,1.0066145212559938
35.6,M,hp,1.0034485715698271,1.0033313948180114,0.0013824144129576245,1.0008514846143632,1.0056955123507343
36.1,M,hp,1.0029035601074408,1.0027954747522903,0.0012098336118963177,1.0006713157791167,1.004847328679518
36.6,M,hp,1.0024420068589968,1.0023385664051718,0.0010570503914481713,1.0005277601644988,1.00413187224749
37.1,M,hp,1.0020516146475322,1.0019509249727148,0.0009220781197968376,1.0004084292703517,1.0035059452409723
37.6,M,hp,1.0017218126267209,1.0016277905363844,0.0008030835399976592,1.0003231291681685,1.0030006791463018
38.1,M,hp,1.0014435288369474,1.0013588406465717,0.0006983825609858504,1.0002550650157571,1.0025660783013746
38.6,M,hp,1.0012089901729366,1.00113250716793,0.0006064346888609362,1.0002008836719631,1.0021937141026542
39.1,M,hp,1.0010115468925658,1.0009406475374039,0.0005258364264593435,1.0001578559337412,1.0018736696254147
39.6,M,hp,1.0008455190230632,1.0007805342782996,0.0004553139313476042,1.0001237665196738,1.0015988645687433
40.1,M,hp,1.0007060622428108,1.0006475878519177,0.0003937151843961311,1.0000963434530934,1.0013631346745293
40.6,M,hp,1.0005890510316386,1.0005364205973697,0.00034000188426819603,1.000074701833118,1.001161119649483
41.1,M,hp,1.0004909770875081,1.0004437534859858,0.0002932412483612206,1.0000577807921065,1.000986912360626
41.6,M,hp,1.000408861201411,1.0003666154181747,0.0002525978685576923,1.0000445842881736,1.000836539189933
42.1,M,hp,1.0003401769643236,1.0003024914034304,0.00021732574093524448,1.0000396516812395,1.0007151620016914
42.6,M,hp,1.0002827848492464,1.0002488075189477,0.00018676056252014159,1.0000238669920003,1.0005979400767426
43.1,M,hp,1.0002348753678538,1.0002047453066034,0.00016031236527260718,1.0000201874861954,1.0005055960307514
43.6,M,hp,1.0001949201449767,1.000168391375857,0.0001374585376868957,1.0000137273838776,1.0004244333008163
44.1,M,hp,1.0001616298853258,1.0001381113556191,0.00011773726752028503,1.0000103699404526,1.0003559230200054
44.6,M,hp,1.0001339183261013,1.0001132628103557,0.00010074142502447654,1.0000078132226016,1.000299427514863
45.1,M,hp,1.000110871376856,1.000092884194618,8.611289440419311e-05,1.0000058715385116,1.0002522801973412
45.6,M,hp,1.0000917207449727,1.0000758382404231,7.353735181453341e-05,1.0000051376773917,1.0002130009452448
46.1,M,hp,1.000075821432004,1.0000618407387507,6.2739480774323e-05,1.0000032900905818,1.0001779899386978
46.6,M,hp,1.000062632563663,1.000050360353407,5.347861016229667e-05,1.0000024532770104,1.0001485831676835
47.1,M,hp,1.0000517010852998,1.0000409005489077,4.554475573613197e-05,1.0000018245766953,1.0001239099802512
47.6,M,hp,1.0000426479157185,1.0000331626253534,3.875504314436504e-05,1.000001353494956,1.0001032304262496
48.1,M,hp,1.0000351562062206,1.0000268948116704,3.295048848191545e-05,1.0000010014569842,1.0000859164094669
48.6,M,hp,1.000028961399276,1.0000218656235154,2.799311138473026e-05,1.0000007390796208,1.0000714354289617
49.1,M,hp,1.0000238428229145,1.0000177217194954,2.376335530197944e-05,1.000000544045883,1.0000593428414046
49.6,M,hp,1.0000196165934234,1.000014340300949,2.015778978064218e-05,1.0000003994544653,1.0000495695963676
50.1,M,hp,1.000016129630804,1.0000115900256823,1.7087070220916424e-05,1.0000002925422093,1.0000413705574545
50.6,M,hp,1.0000132546191511,1.0000093607747416,1.447413150533569e-05,1.0000002136984278,1.0000344983461789
51.1,M,hp,1.0000108857682213,1.0000075186856683,1.2252593078606815e-05,1.0000001557068274,1.0000287433927735
51.6,M,hp,1.0000089352532247,1.0000060693218293,1.0365354384292323e-05,1.0000001131643168,1.000023928338441
52.1,M,hp,1.0000073302280326,1.0000048937891028,8.763360987276845e-06,1.0000000820368233,1.0000199032361587
52.6,M,hp,1.0000060103223423,1.0000039342604474,7.404523177344858e-06,1.0000000593208793,1.0000165414410886
53.1,M,hp,1.0000049255468946,1.000003157106267,6.2527703205540286e-06,1.000000042786588,1.000013736095702
53.6,M,hp,1.0000040345421115,1.000002532924868,5.277225670674008e-06,1.000000030783001,1.000011397127109
54.1,M,hp,1.0000033031155502,1.000002025869813,4.451487750426063e-06,1.0000000220912024,1.0000094486849407
54.6,M,hp,1.0000027030217837,1.000001618239791,3.7530057448865737e-06,1.000000015813744,1.0000078269576693
55.1,M,hp,1.000002210945641,1.0000012906857405,3.1625376060073773e-06,1.0000000112916871,1.0000064783135947
55.6,M,hp,1.0000018076557415,1.0000010299171318,2.6636807407068164e-06,1.000000008042546,1.0000053577200105
56.1,M,hp,1.0000014773005155,1.0000008215110086,2.242466242139915e-06,1.0000000057140055,1.0000044274004285
56.6,M,hp,1.0000012068232984,1.0000006549436695,1.8870086231326855e-06,1.000000004049505,1.0000036556952705
57.1,M,hp,1.000000985476793,1.0000005199222968,1.5872039232812467e-06,1.0000000028627216,1.0000030160962576
57.6,M,hp,1.000000804420413,1.0000004126506163,1.334469890824106e-06,1.00000000201871,1.000002486428899
58.1,M,hp,1.0000006563866386,1.0000003272916216,1.1215226889504801e-06,1.0000000014199995,1.000002048161112
58.6,M,hp,1.0000005354048107,1.0000002592953061,9.421852496581595e-07,1.0000000009963763,1.0000016858191327
59.1,M,hp,1.0000004365726487,1.0000002050494599,7.912230012212619e-07,1.0000000006973992,1.0000013864945878
59.6,M,hp,1.0000003558674264,1.0000001622119907,6.642032324145734e-07,1.0000000004869272,1.000001139428933
60.1,M,hp,1.0000002899900287,1.0000001281838373,5.573748343967845e-07,1.000000000339135,1.0000009356634796
60.6,M,hp,1.0000002362362628,1.0000001007913113,4.675655834317665e-07,1.0000000002356182,1.0000007677449578
61.1,M,hp,1.000000192390753,1.0000000790880592,3.9209450057090463e-07,1.0000000001632956,1.0000006294780557
61.6,M,hp,1.0000001566395136,1.000000062048247,3.286971526245544e-07,1.000000000112894,1.0000005157176493
62.1,M,hp,1.0000001274979573,1.00000004862345,2.754620463478116e-07,1.0000000000778575,1.0000004221945322
62.6,M,hp,1.0000001037516626,1.0000000381282377,2.3077651959675277e-07,1.0000000000535627,1.0000003453693866
63.1,M,hp,1.0000000844076673,1.000000029941039,1.9328075335138712e-07,1.0000000000367588,1.0000002823105425
63.6,M,hp,1.0000000686544501,1.0000000234867183,1.6182871944509916e-07,1.000000000025165,1.0000002305917453
64.1,M,hp,1.0000000558290576,1.0000000183576432,1.354550454978043e-07,1.000000000017186,1.0000001882067444
64.6,M,hp,1.000000045390134,1.0000000143352756,1.1334692295446523e-07,1.0000000000117082,1.0000001534980003
65.1,M,hp,1.0000000368957913,1.0000000111925655,9.482030839514134e-08,1.000000000007957,1.000000125097234
65.6,M,hp,1.0000000299854712,1.0000000087003227,7.929977693956544e-08,1.0000000000053944,1.0000001018758988
66.1,M,hp,1.0000000243650922,1.000000006762788,6.630147884066794e-08,1.0000000000036482,1.0000000829039573
66.6,M,hp,1.0000000197948702,1.0000000052602243,5.541873099908787e-08,1.0000000000024614,1.0000000674156015
67.1,M,hp,1.000000016079363,1.0000000040901136,4.630984365308061e-08,1.0000000000016567,1.0000000547807766
67.6,M,hp,1.0000000130593214,1.0000000031793497,3.8687841830151965e-08,1.0000000000011122,1.0000000444815416
68.1,M,hp,1.000000010605033,1.0000000024674964,3.2311791532849926e-08,1.000000000000745,1.0000000360924686
68.6,M,hp,1.0000000086108676,1.000000001910162,2.6979484277046625e-08,1.0000000000004978,1.0000000292644045
69.1,M,hp,1.000000006990829,1.0000000014771175,2.2521270429539315e-08,1.0000000000003317,1.000000023711026
69.6,M,hp,1.000000005674939,1.0000000011416683,1.8794863678670455e-08,1.0000000000002207,1.000000019197725
70.1,M,hp,1.0000000046062532,1.0000000008843455,1.5680965694588026e-08,1.0000000000001463,1.00000001553242
70.6,M,hp,1.000000003738452,1.0000000006820993,1.3079583285474281e-08,1.0000000000000968,1.0000000125579747
71.1,M,hp,1.0000000030338663,1.0000000005252265,1.0906929821786275e-08,1.000000000000064,1.0000000101459416
71.6,M,hp,1.0000000024618685,1.0000000004040033,9.092819227593016e-09,1.0000000000000422,1.0000000081949916
72.1,M,hp,1.0000000019975586,1.00000000031043,7.578475368128587e-09,1.0000000000000275,1.0000000066324597
72.6,M,hp,1.0000000016207047,1.0000000002381695,6.314691045385221e-09,1.0000000000000182,1.0000000053643663
73.1,M,hp,1.000000001314863,1.0000000001827036,5.260281630093058e-09,1.000000000000012,1.0000000043359176
73.6,M,hp,1.000000001066672,1.0000000001399443,4.380786473424327e-09,1.0000000000000078,1.000000003502382
74.1,M,hp,1.0000000008652838,1.0000000001072502,3.647378940824511e-09,1.0000000000000049,1.0000000028272675
74.6,M,hp,1.0000000007018854,1.0000000000821805,3.0359516542873124e-09,1.0000000000000033,1.0000000022808266
75.1,M,hp,1.0000000005693168,1.0000000000629083,2.5263492356900453e-09,1.0000000000000022,1.0000000018388262
75.6,M,hp,1.0000000004617728,1.0000000000481075,2.10172482429741e-09,1.0000000000000013,1.0000000014815391
76.1,M,hp,1.00000000037453,1.0000000000367524,1.748000605311632e-09,1.0000000000000009,1.000000001189826
76.6,M,hp,1.00000000030376,1.00000000002805,1.4534157543217571e-09,1.0000000000000007,1.0000000009517354
77.1,M,hp,1.0000000002463558,1.0000000000213554,1.2081475633468624e-09,1.0000000000000004,1.0000000007607486
77.6,M,hp,1.0000000001997973,1.0000000000162348,1.0039941789947712e-09,1.0000000000000002,1.000000000607658
78.1,M,hp,1.0000000001620335,1.0000000000123292,8.341088718565557e-10,1.0000000000000002,1.0000000004850331
78.6,M,hp,1.000000000131405,1.000000000009354,6.927776553021547e-10,1.0000000000000002,1.0000000003868823
79.1,M,hp,1.0000000001065654,1.0000000000070897,5.752330276197875e-10,1.0000000000000002,1.0000000003083775
79.6,M,hp,1.0000000000864193,1.0000000000053682,4.774982737743637e-10,1.0,1.0000000002462028
80.1,M,hp,1.0000000000700817,1.0000000000040603,3.962571276503191e-10,1.0,1.000000000196972
80.6,M,hp,1.0000000000568328,1.0000000000030682,3.287448168662195e-10,1.0,1.000000000157486
81.1,M,hp,1.000000000046088,1.0000000000023161,2.7265693179701353e-10,1.0,1.0000000001258367
81.6,M,hp,1.000000000037374,1.0000000000017466,2.2607328779192612e-10,1.0,1.000000000100485
82.1,M,hp,1.0000000000303084,1.0000000000013158,1.8739427968141514e-10,1.0,1.0000000000801907
82.6,M,hp,1.000000000024577,1.0000000000009903,1.552877041938564e-10,1.0,1.0000000000638183
83.1,M,hp,1.0000000000199312,1.0000000000007447,1.286443731079472e-10,1.0,1.0000000000507225
83.6,M,hp,1.0000000000161615,1.0000000000005596,1.0654103133121356e-10,1.0,1.0000000000402882
84.1,M,hp,1.000000000013105,1.0000000000004199,8.820936570144766e-11,1.0,1.0000000000320288
84.6,M,hp,1.0000000000106277,1.0000000000003149,7.301021726749858e-11,1.0,1.0000000000254916
85.1,M,hp,1.0000000000086176,1.0000000000002358,6.041197882425961e-11,1.0,1.0000000000202764
